observationID,deploymentID,mediaID,eventID,eventStart,eventEnd,observationLevel,observationType,scientificName,count,lifeStage,sex,behavior,individualID,bboxX,bboxY,bboxWidth,bboxHeight,classificationMethod,classifiedBy,classificationTimestamp,classificationProbability,observationComments
e0088418-6d8f-461d-9207-e9296894db9b,DIOPSIS-231_Boer5_-_Controle_1,567cd8d8-415b-41c9-b9f4-1035f0d326ee,,2025-06-06T20:52:54,2025-06-06T20:52:54,detection,animal,Chironomidae,1,,,,object_76,0.50399734420649,0.535101521809896,0.030641635391667976,0.039910481770833006,machine,Diopsis 2025,,0.996608376502991,"{body_length_mm: 4.53198067109534}, {biomass_mg: 1.59646287398873}"
c0669f6b-2f2d-4515-8747-fb5b788c9932,DIOPSIS-231_Boer5_-_Controle_1,567cd8d8-415b-41c9-b9f4-1035f0d326ee,,2025-06-06T20:52:54,2025-06-06T20:52:54,detection,animal,Chironomidae,1,,,,object_57,0.712746901981819,0.963230590820312,0.030163288912509967,0.03676940917968796,machine,Diopsis 2025,,0.998688876628876,"{body_length_mm: 8.62493059988071}, {biomass_mg: 8.67278353639922}"
dfd966b6-672f-4a7d-b86b-0fb6d1fe4690,DIOPSIS-231_Boer5_-_Controle_1,567cd8d8-415b-41c9-b9f4-1035f0d326ee,,2025-06-06T20:52:54,2025-06-06T20:52:54,detection,animal,Crambidae,1,,,,object_74,0.120924909843228,0.49907704671224,0.051351047318448015,0.06774431016709997,machine,Diopsis 2025,,0.920859664678574,"{body_length_mm: 7.06705714610135}, {biomass_mg: 5.13592627607852}"
14a71bec-728e-4ac6-a1c8-8c23e5378785,DIOPSIS-231_Boer5_-_Controle_1,567cd8d8-415b-41c9-b9f4-1035f0d326ee,,2025-06-06T20:52:54,2025-06-06T20:52:54,detection,unknown,Too small for identification,1,,,,object_68,0.0721307986964765,0.112238625420464,0.0442978249169355,0.05927126566569099,machine,Diopsis 2025,,1.0,"{body_length_mm: 1.79545506775698}, {biomass_mg: 0.139829980768682}"
da2b8b2d-0fb4-448f-841f-e66a9a61762f,DIOPSIS-231_Boer5_-_Controle_1,055225fd-afaf-4839-9023-b49776ae5706,,2025-06-06T21:12:27,2025-06-06T21:12:27,detection,animal,Chironomidae,1,,,,object_124,0.788181769827969,0.770862019856771,0.051373107604471,0.06830824110242995,machine,Diopsis 2025,,0.994207859039307,"{body_length_mm: 8.25953216151183}, {biomass_mg: 7.73952102794206}"
5863a4d3-6b1d-4ae8-9fff-57ae196390e0,DIOPSIS-231_Boer5_-_Controle_1,055225fd-afaf-4839-9023-b49776ae5706,,2025-06-06T21:12:27,2025-06-06T21:12:27,detection,animal,Crambidae,1,,,,object_116,0.266164305214094,0.650688680013021,0.04976609473634397,0.06820231119791698,machine,Diopsis 2025,,0.936696290969849,"{body_length_mm: 6.85491863916479}, {biomass_mg: 4.74031623960289}"
dda24d83-b169-45fb-bc4a-270d6fa1157a,DIOPSIS-231_Boer5_-_Controle_1,055225fd-afaf-4839-9023-b49776ae5706,,2025-06-06T21:12:27,2025-06-06T21:12:27,detection,animal,Limoniidae,1,,,,object_115,0.137114905355769,0.428303968641493,0.052850993925422,0.07080596923828097,machine,Diopsis 2025,,0.528637111186981,"{body_length_mm: 7.8525989519995}, {biomass_mg: 6.7765171744272}"
99b7c2bd-a91f-4782-9bd9-009152b63a52,DIOPSIS-231_Boer5_-_Controle_1,055225fd-afaf-4839-9023-b49776ae5706,,2025-06-06T21:12:27,2025-06-06T21:12:27,detection,unknown,Too small for identification,1,,,,object_113,0.575179467814196,0.876924099392361,0.025659016655362965,0.03394863552517391,machine,Diopsis 2025,,1.0,"{body_length_mm: 1.81229079611288}, {biomass_mg: 0.143304751996689}"
04177013-0ec0-43c1-9479-b11a0915a578,DIOPSIS-231_Boer5_-_Controle_1,637d67bd-d072-4201-b917-bd800f1d39cc,,2025-06-06T22:27:33,2025-06-06T22:27:33,detection,animal,Crambidae,1,,,,object_263,0.328615624836968,0.517658928765191,0.05058846449812199,0.06742048475477391,machine,Diopsis 2025,,0.82644909620285,"{body_length_mm: 10.9552842924921}, {biomass_mg: 16.2678987128688}"
5efbcd7b-41ae-4399-9a98-3ba52429027f,DIOPSIS-231_Boer5_-_Controle_1,637d67bd-d072-4201-b917-bd800f1d39cc,,2025-06-06T22:27:33,2025-06-06T22:27:33,detection,animal,Crambidae,1,,,,object_272,0.778208380748513,0.894010416666667,0.04715633233122907,0.06305704752604102,machine,Diopsis 2025,,0.994591265916825,"{body_length_mm: 14.4843570980071}, {biomass_mg: 33.906753754037}"
046efbd0-dca6-4442-8776-0dd71c24a7ae,DIOPSIS-231_Boer5_-_Controle_1,4adc9ef1-9693-4783-b96c-85f22b312d58,,2025-06-07T20:23:17,2025-06-07T20:23:17,detection,animal,Chironomidae,1,,,,object_311,0.328808257496218,0.234557868109809,0.056424199838272016,0.076140882703993,machine,Diopsis 2025,,0.999863028526306,"{body_length_mm: 9.54009201651108}, {biomass_mg: 11.3069246232678}"
8d3b26a5-c5f9-4562-a4e1-d7738bf38be7,DIOPSIS-231_Boer5_-_Controle_1,5861cfad-ad91-459e-adaf-ee2c25835b32,,2025-06-08T19:35:08,2025-06-08T19:35:08,detection,unknown,Chironomidae,1,,,,object_342,0.635309184333916,0.353656819661458,0.02551646543066599,0.033310445149739965,machine,Diopsis 2025,,0.499959886074066,"{body_length_mm: 8.83437909383004}, {biomass_mg: 9.237707725427}"
cb49f5ac-4b8b-4f83-909f-d3313a15da7d,DIOPSIS-231_Boer5_-_Controle_1,5861cfad-ad91-459e-adaf-ee2c25835b32,,2025-06-08T19:35:08,2025-06-08T19:35:08,detection,animal,Crambidae,1,,,,object_343,0.270767594020633,0.0174515533447265,0.05312425107112201,0.0729574330647787,machine,Diopsis 2025,,0.954486966133118,"{body_length_mm: 6.53128902794948}, {biomass_mg: 4.17415305518216}"
26b45c1a-f8d6-495c-9422-dcc90fb15c69,DIOPSIS-231_Boer5_-_Controle_1,f60af766-7232-4a03-a85f-52ed33b5005a,,2025-06-09T08:23:47,2025-06-09T08:23:47,detection,unknown,Crambidae,1,,,,object_439,0.762950610636869,0.362576293945313,0.02305141952081602,0.030568474663627998,machine,Diopsis 2025,,0.497231870889664,"{body_length_mm: 3.29806537011101}, {biomass_mg: 0.692058977936692}"
f55281a8-d05d-4d31-9715-18ecbca260f8,DIOPSIS-231_Boer5_-_Controle_1,917255f3-beab-4615-8fa1-81b6ad8e66bf,,2025-06-09T08:28:38,2025-06-09T08:28:38,detection,animal,Formicidae,1,,,,object_440,0.951181147452786,0.230808478461372,0.022750115752816935,0.03008405897352398,machine,Diopsis 2025,,0.572159826755524,"{body_length_mm: 4.46969605844259}, {biomass_mg: 1.53940315887953}"
1624e102-19fb-438f-8d4b-a122c6132ef3,DIOPSIS-231_Boer5_-_Controle_1,ca895dca-aed9-450d-9df1-b23e2f4e0edf,,2025-06-09T20:39:38,2025-06-09T20:39:38,detection,animal,Chironomidae,1,,,,object_495,0.588993078878209,0.589299519856771,0.025724688038006094,0.03419440375434002,machine,Diopsis 2025,,0.826444923877716,"{body_length_mm: 4.3087094578275}, {biomass_mg: 1.39783019323561}"
e2d720d1-eb2c-4449-9cec-598af6921c21,DIOPSIS-231_Boer5_-_Controle_1,c03286a7-c4fe-4cbb-baa5-ccb9c6574638,,2025-06-09T20:40:10,2025-06-09T20:40:10,detection,animal,Aphididae,1,,,,object_500,0.786428868671092,0.289047309027778,0.021890426915953998,0.028884921603732017,machine,Diopsis 2025,,0.945367634296417,"{body_length_mm: 5.17783839998718}, {biomass_mg: 2.26637509282531}"
ba04cb99-7628-4bd5-9182-42b6c1b89581,DIOPSIS-231_Boer5_-_Controle_1,c03286a7-c4fe-4cbb-baa5-ccb9c6574638,,2025-06-09T20:40:10,2025-06-09T20:40:10,detection,animal,Diptera,1,,,,object_495,0.587006226604888,0.587551405164931,0.028895204572725985,0.03823574490017301,machine,Diopsis 2025,,0.784303486347199,"{body_length_mm: 4.87333083946129}, {biomass_mg: 1.37836766570965}"
4b9e274d-1c45-45cf-8a3b-64ce7bb35e0c,DIOPSIS-231_Boer5_-_Controle_1,c03286a7-c4fe-4cbb-baa5-ccb9c6574638,,2025-06-09T20:40:10,2025-06-09T20:40:10,detection,animal,Ephemeroptera,1,,,,object_501,0.681842377269407,0.201144629584418,0.021212824596985036,0.027943454318577005,machine,Diopsis 2025,,0.765804648399353,"{body_length_mm: 5.62882416719983}, {biomass_mg: 1.03435130063591}"
7d8e6bd3-7906-4cc8-be67-4a2d7b88537f,DIOPSIS-231_Boer5_-_Controle_1,2897ddef-ace1-4ff8-a963-5a11e46d67fd,,2025-06-09T23:34:26,2025-06-09T23:34:26,detection,unknown,Chironomidae,1,,,,object_1772,0.0483245085396233,0.594176364474826,0.044676256896259404,0.05934258355034794,machine,Diopsis 2025,,0.333090047041575,"{body_length_mm: 5.57533604655755}, {biomass_mg: 2.75305009390366}"
b5e92ee9-f931-424e-a948-3a54e6b929e9,DIOPSIS-231_Boer5_-_Controle_1,2897ddef-ace1-4ff8-a963-5a11e46d67fd,,2025-06-09T23:34:26,2025-06-09T23:34:26,detection,animal,Chironomidae,1,,,,object_1773,0.0,0.798437364366319,0.0444864072465339,0.070554538302952,machine,Diopsis 2025,,0.984161853790283,"{body_length_mm: 11.8359846747798}, {biomass_mg: 19.9364951484242}"
4f9f7cb5-068b-476f-9d21-69849667ab7d,DIOPSIS-231_Boer5_-_Controle_1,2897ddef-ace1-4ff8-a963-5a11e46d67fd,,2025-06-09T23:34:26,2025-06-09T23:34:26,detection,animal,Chironomidae,1,,,,object_1763,0.377706664631482,0.0,0.04096235934402398,0.0488434516059027,machine,Diopsis 2025,,0.944355636835098,"{body_length_mm: 3.19645782859791}, {biomass_mg: 0.637383284339989}"
6c2e57b3-36f6-4219-b628-7b62ba62c602,DIOPSIS-231_Boer5_-_Controle_1,2897ddef-ace1-4ff8-a963-5a11e46d67fd,,2025-06-09T23:34:26,2025-06-09T23:34:26,detection,unknown,Crambidae,1,,,,object_1748,0.059808689684223,0.613715209960938,0.045387134329106994,0.07604105631510405,machine,Diopsis 2025,,0.389377474784851,"{body_length_mm: 14.3321635248172}, {biomass_mg: 32.9777612486619}"
656f635b-70fe-427a-b0dd-eae827d9b7d2,DIOPSIS-231_Boer5_-_Controle_1,2897ddef-ace1-4ff8-a963-5a11e46d67fd,,2025-06-09T23:34:26,2025-06-09T23:34:26,detection,animal,Crambidae,1,,,,object_1774,0.161960684596398,0.874156290690104,0.051440103623225986,0.07045640733506997,machine,Diopsis 2025,,0.955904841423035,"{body_length_mm: 7.63835231905497}, {biomass_mg: 6.30101378559047}"
817b3ea3-ce2a-4b08-99c2-60626d4ccba4,DIOPSIS-231_Boer5_-_Controle_1,2897ddef-ace1-4ff8-a963-5a11e46d67fd,,2025-06-09T23:34:26,2025-06-09T23:34:26,detection,unknown,Crambidae,1,,,,object_1762,0.403501380067039,0.198650682237413,0.05784105100297399,0.076401468912761,machine,Diopsis 2025,,0.441960960626602,"{body_length_mm: 10.2995495019048}, {biomass_mg: 13.8303508558002}"
2028da4a-7773-4f9c-8a6f-1382ef548266,DIOPSIS-231_Boer5_-_Controle_1,2897ddef-ace1-4ff8-a963-5a11e46d67fd,,2025-06-09T23:34:26,2025-06-09T23:34:26,detection,animal,Crambidae,1,,,,object_1760,0.652591762638251,0.494110989040799,0.020748896272433925,0.026704745822482057,machine,Diopsis 2025,,0.955847144126892,"{body_length_mm: 2.3469444973824}, {biomass_mg: 0.282841849910444}"
2eaa6424-877c-42cb-9e26-149e31516597,DIOPSIS-231_Boer5_-_Controle_1,2897ddef-ace1-4ff8-a963-5a11e46d67fd,,2025-06-09T23:34:26,2025-06-09T23:34:26,detection,animal,Lepidoptera,1,,,,object_1775,0.0627056752302013,0.638395182291667,0.048483184661610695,0.06408237033420094,machine,Diopsis 2025,,0.632939726114273,"{body_length_mm: 9.3479334265527}, {biomass_mg: 6.9737620696779}"
512fd5e6-e8cb-4b07-b7a8-fab9d504000e,DIOPSIS-231_Boer5_-_Controle_1,2897ddef-ace1-4ff8-a963-5a11e46d67fd,,2025-06-09T23:34:26,2025-06-09T23:34:26,detection,unknown,Too small for identification,1,,,,object_1685,0.377341345275981,0.61417961968316,0.05216855158988898,0.07065680609809,machine,Diopsis 2025,,1.0,"{body_length_mm: 2.56891783735494}, {biomass_mg: 0.358727208744936}"
2f1a6f4c-378a-4da0-85df-aa29b796a161,DIOPSIS-231_Boer5_-_Controle_1,2897ddef-ace1-4ff8-a963-5a11e46d67fd,,2025-06-09T23:34:26,2025-06-09T23:34:26,detection,unknown,Too small for identification,1,,,,object_1764,0.498894336426596,0.56339830186632,0.050372650706907995,0.06791381835937504,machine,Diopsis 2025,,1.0,"{body_length_mm: 1.7156670496503}, {biomass_mg: 0.124073796781446}"
c75765a5-a48b-4c1c-b152-16fee7cb540f,DIOPSIS-231_Boer5_-_Controle_1,2897ddef-ace1-4ff8-a963-5a11e46d67fd,,2025-06-09T23:34:26,2025-06-09T23:34:26,detection,unknown,Too small for identification,1,,,,object_1771,0.617381813928162,0.450357055664063,0.019976123943550972,0.026865776909722028,machine,Diopsis 2025,,1.0,"{body_length_mm: 2.12704967990951}, {biomass_mg: 0.218361681960138}"
99b785ca-793f-4c12-ac3f-4975ac4113a4,DIOPSIS-231_Boer5_-_Controle_1,2897ddef-ace1-4ff8-a963-5a11e46d67fd,,2025-06-09T23:34:26,2025-06-09T23:34:26,detection,animal,Tortricidae,1,,,,object_1769,0.93774322356923,0.755911119249132,0.049259956372599945,0.06195807562933997,machine,Diopsis 2025,,0.964939951896668,"{body_length_mm: 13.6389766734091}, {biomass_mg: 28.9465862476307}"
2a7ef4c3-e542-4b9f-bf0d-ece361426f83,DIOPSIS-231_Boer5_-_Controle_1,8d5939e4-eb16-4580-a6f2-da974bc59a3f,,2025-06-10T00:07:10,2025-06-10T00:07:10,detection,animal,Cicadellidae,1,,,,object_2006,0.6839130382506,0.323623589409722,0.02166559540966695,0.02857021755642397,machine,Diopsis 2025,,0.949097216129303,"{body_length_mm: 4.18016077588159}, {biomass_mg: 1.29079955591475}"
b813fba6-45f4-4333-bd78-13d05a6cbbd6,DIOPSIS-231_Boer5_-_Controle_1,8d5939e4-eb16-4580-a6f2-da974bc59a3f,,2025-06-10T00:07:10,2025-06-10T00:07:10,detection,animal,Crambidae,1,,,,object_2004,0.356757009566726,0.811080932617188,0.05274064154776198,0.07250386555989496,machine,Diopsis 2025,,0.805567860603333,"{body_length_mm: 11.8381924869773}, {biomass_mg: 19.9462771632183}"
ab4e8428-e0d8-4a9f-b140-d8ef3f582b5b,DIOPSIS-231_Boer5_-_Controle_1,3eeb6aeb-553f-4c4c-816d-75ed40d678f0,,2025-06-10T02:25:17,2025-06-10T02:25:17,detection,animal,Crambidae,1,,,,object_2211,0.572322329615114,0.477784864637587,0.04724289220641198,0.06348347981770802,machine,Diopsis 2025,,0.920657932758331,"{body_length_mm: 5.52254983542006}, {biomass_mg: 2.68502613595484}"
553cb91b-8374-4620-be9d-e7cdb2201b15,DIOPSIS-231_Boer3_-_Controle_1,10db8d34-af92-4e0d-962c-6f45927e00ca,,2025-06-12T21:13:13,2025-06-12T21:13:13,detection,animal,Miridae,1,,,,object_2262,0.37514570997235,0.415173678927951,0.041551745992669975,0.05370300292968799,machine,Diopsis 2025,,0.999333083629608,"{body_length_mm: 6.05429446018904}, {biomass_mg: 3.41938785017993}"
372ff1a7-8d24-4b8a-909b-3b0c85e6b158,DIOPSIS-231_Boer3_-_Controle_1,0546815b-9a60-44bc-9479-82b4c7ca8095,,2025-06-12T22:35:36,2025-06-12T22:35:36,detection,animal,Aphididae,1,,,,object_2749,0.430417782078203,0.934855346679688,0.022152399180926985,0.029931911892360996,machine,Diopsis 2025,,0.688859283924103,"{body_length_mm: 4.33781210414846}, {biomass_mg: 1.42279814765087}"
cedd4af6-3cda-446f-861a-d1fb751c78ab,DIOPSIS-231_Boer3_-_Controle_1,0546815b-9a60-44bc-9479-82b4c7ca8095,,2025-06-12T22:35:36,2025-06-12T22:35:36,detection,animal,Auchenorrhyncha indet.,1,,,,object_2748,0.346765967163697,0.795103013780382,0.022186992562473973,0.029600151909722094,machine,Diopsis 2025,,0.706536769866943,"{body_length_mm: 4.45242055186497}, {biomass_mg: 1.52380433519607}"
1fedad4c-d5d6-4a8b-91c4-949015e97a3f,DIOPSIS-231_Boer3_-_Controle_1,0546815b-9a60-44bc-9479-82b4c7ca8095,,2025-06-12T22:35:36,2025-06-12T22:35:36,detection,animal,Auchenorrhyncha indet.,1,,,,object_2750,0.39984900167271,0.696012030707465,0.021754295081646002,0.028991292317709028,machine,Diopsis 2025,,0.670729756355286,"{body_length_mm: 4.56846801870758}, {biomass_mg: 1.63048911486264}"
715e18df-9584-46e4-9722-5d8fd2cf7ef9,DIOPSIS-231_Boer3_-_Controle_1,0546815b-9a60-44bc-9479-82b4c7ca8095,,2025-06-12T22:35:36,2025-06-12T22:35:36,detection,animal,Chironomidae,1,,,,object_2735,0.423700756143051,0.143483649359809,0.04883897682661198,0.065289866129557,machine,Diopsis 2025,,0.999948620796204,"{body_length_mm: 3.57526782431645}, {biomass_mg: 0.855702540508583}"
cd4e3552-029a-4448-af05-93815872226a,DIOPSIS-231_Boer3_-_Controle_1,0546815b-9a60-44bc-9479-82b4c7ca8095,,2025-06-12T22:35:36,2025-06-12T22:35:36,detection,animal,Crambidae,1,,,,object_2751,0.59779518394916,0.207230546739366,0.053488959056109064,0.07447084214952301,machine,Diopsis 2025,,0.991751492023468,"{body_length_mm: 7.96196636423831}, {biomass_mg: 7.02756295942114}"
becfc346-73fd-474b-a454-e814771e58cf,DIOPSIS-231_Boer3_-_Controle_1,0546815b-9a60-44bc-9479-82b4c7ca8095,,2025-06-12T22:35:36,2025-06-12T22:35:36,detection,unknown,Hydroptilidae,1,,,,object_2740,0.764131625626043,0.804829644097222,0.02279459295766406,0.029617309570312944,machine,Diopsis 2025,,0.495558023452759,"{body_length_mm: 6.43422852206754}, {biomass_mg: 4.01298005367522}"
1afc91ec-ff73-4944-a995-9ac405858a8f,DIOPSIS-231_Boer3_-_Controle_1,0546815b-9a60-44bc-9479-82b4c7ca8095,,2025-06-12T22:35:36,2025-06-12T22:35:36,detection,animal,Limoniidae,1,,,,object_2737,0.621519977142894,0.279092542860243,0.05841324285593208,0.07843454996744803,machine,Diopsis 2025,,0.697085440158844,"{body_length_mm: 5.83027329960608}, {biomass_mg: 3.09658564690065}"
38a75bc5-868b-4db6-b320-f3aa77e3f4e8,DIOPSIS-231_Boer3_-_Controle_1,0546815b-9a60-44bc-9479-82b4c7ca8095,,2025-06-12T22:35:36,2025-06-12T22:35:36,detection,unknown,Too small for identification,1,,,,object_2736,0.467413493110262,0.523962775336372,0.025146688165171016,0.03349524603949594,machine,Diopsis 2025,,1.0,"{body_length_mm: 2.53657614928894}, {biomass_mg: 0.346971052741148}"
37c41dac-5ed4-454e-aef5-e413d49682e8,DIOPSIS-231_Boer3_-_Controle_1,7834c4bd-7179-40a8-a5d4-01e77b4804e1,,2025-06-13T02:02:17,2025-06-13T02:02:17,detection,animal,Diptera,1,,,,object_3835,0.8196178302542,0.691759168836806,0.024668036000756066,0.032889675564236054,machine,Diopsis 2025,,0.673222839832306,"{body_length_mm: 4.80758019897754}, {biomass_mg: 1.33754929785341}"
7e2e74e3-bca4-42d4-b842-6eecbbc33742,DIOPSIS-231_Boer3_-_Controle_1,a5c21ef6-d22e-42f1-8563-00976fdae132,,2025-06-13T16:45:00,2025-06-13T16:45:00,detection,animal,Diptera,1,,,,object_3997,0.606943579468385,0.810957709418403,0.053657493527624056,0.07060350206163202,machine,Diopsis 2025,,0.980983436107636,"{body_length_mm: 4.86544224060452}, {biomass_mg: 1.37343486085825}"
49a939f7-7f11-4101-9bb2-190e296ea3fc,DIOPSIS-231_Boer3_-_Controle_1,4c3c4de4-dc54-49c3-b262-1dfc9180f6d5,,2025-06-13T22:53:15,2025-06-13T22:53:15,detection,animal,Crambidae,1,,,,object_4264,0.492699013329508,0.691995307074653,0.05352823961159198,0.07097032335069409,machine,Diopsis 2025,,0.984131634235382,"{body_length_mm: 13.5600559009908}, {biomass_mg: 28.5081441989342}"
df220cdd-fb84-4550-b36f-576459077127,DIOPSIS-231_Boer3_-_Controle_1,4c3c4de4-dc54-49c3-b262-1dfc9180f6d5,,2025-06-13T22:53:15,2025-06-13T22:53:15,detection,unknown,Too small for identification,1,,,,object_4269,0.528279758255947,0.77426988389757,0.06964518908467299,0.09009887695312502,machine,Diopsis 2025,,1.0,"{body_length_mm: 1.86709053654267}, {biomass_mg: 0.154983761840036}"
14e676f9-4c63-4238-aa76-7c3c0f08c040,DIOPSIS-231_Boer3_-_Controle_1,8d3f2bcb-58fa-4505-a2e8-8df6884f26d3,,2025-06-14T00:21:00,2025-06-14T00:21:00,detection,animal,Auchenorrhyncha indet.,1,,,,object_4551,0.61641549188426,0.351443684895833,0.02119886497026291,0.028809170193142997,machine,Diopsis 2025,,0.947043120861054,"{body_length_mm: 4.85623168821433}, {biomass_mg: 1.91464681142565}"
facd92f0-c84c-4133-b0d4-cbddabdb6a6a,DIOPSIS-231_Boer3_-_Controle_1,fcbe4858-1872-4a87-8227-262b131576bc,,2025-06-14T00:30:29,2025-06-14T00:30:29,detection,unknown,Crambidae,1,,,,object_4574,0.741170892731375,0.303872511121962,0.022197385861201013,0.029360826280382002,machine,Diopsis 2025,,0.498062342405319,"{body_length_mm: 5.46411491567345}, {biomass_mg: 2.61094902484667}"
86defc0e-9b29-475b-a0f0-80c302d98653,DIOPSIS-231_Boer3_-_Controle_1,fcbe4858-1872-4a87-8227-262b131576bc,,2025-06-14T00:30:29,2025-06-14T00:30:29,detection,unknown,Miridae,1,,,,object_4575,0.923665398548362,0.848613077799479,0.04298454373826199,0.05746554904513901,machine,Diopsis 2025,,0.411734789609909,"{body_length_mm: 6.15839722319047}, {biomass_mg: 3.57619589448494}"
adfebf75-2a08-4f1f-9d80-0928df69c3c5,DIOPSIS-231_Boer3_-_Controle_1,8c238eac-b70d-4ba5-b916-08f2e5c24884,,2025-06-14T01:05:42,2025-06-14T01:05:42,detection,animal,Chironomidae,1,,,,object_4658,0.39638576603095,0.0231047270033094,0.06542033862590002,0.0871788491143126,machine,Diopsis 2025,,0.999983191490173,"{body_length_mm: 7.69494015081737}, {biomass_mg: 6.42452543180488}"
039a49d5-77d9-4eed-9f42-2cfc3259b9a5,DIOPSIS-231_Boer3_-_Controle_1,8c238eac-b70d-4ba5-b916-08f2e5c24884,,2025-06-14T01:05:42,2025-06-14T01:05:42,detection,animal,Chironomidae,1,,,,object_4656,0.493413858302249,0.904017605251736,0.04762285898046198,0.064929538302952,machine,Diopsis 2025,,0.666259507338206,"{body_length_mm: 5.99451610136265}, {biomass_mg: 3.3313067085962}"
aa682a1e-55de-43c5-9a3e-7c4d7573c8a5,DIOPSIS-231_Boer3_-_Controle_1,8c238eac-b70d-4ba5-b916-08f2e5c24884,,2025-06-14T01:05:42,2025-06-14T01:05:42,detection,unknown,Crambidae,1,,,,object_4659,0.148315990110471,0.735679253472222,0.05435570412764701,0.07213209364149309,machine,Diopsis 2025,,1.0,"{body_length_mm: 0.865398896005836}, {biomass_mg: 0.03}"
af52239a-f484-4ee7-ad75-0d051cc36195,DIOPSIS-231_Boer3_-_Controle_1,bba50383-30e0-4c23-ada6-6a0e80c281dc,,2025-06-14T16:23:54,2025-06-14T16:23:54,detection,animal,Chironomidae,1,,,,object_4862,0.393938551761073,0.296553582085504,0.028177888644159987,0.03744761149088505,machine,Diopsis 2025,,0.930388391017914,"{body_length_mm: 3.87465812825233}, {biomass_mg: 1.05724361062181}"
819318c7-ae96-4735-90ca-01790a9412f9,DIOPSIS-231_Boer3_-_Controle_1,17d5e604-64e3-4e8d-9438-87eae2cadd50,,2025-06-14T21:21:41,2025-06-14T21:21:41,detection,animal,Chironomidae,1,,,,object_4905,0.277310710518507,0.813062269422743,0.05337037865029004,0.07101243760850706,machine,Diopsis 2025,,0.999420285224915,"{body_length_mm: 12.2170903565332}, {biomass_mg: 21.6693822985979}"
fc4d4cd0-780d-47f4-8fbe-c60fe3854a6a,DIOPSIS-231_Boer3_-_Controle_1,17d5e604-64e3-4e8d-9438-87eae2cadd50,,2025-06-14T21:21:41,2025-06-14T21:21:41,detection,animal,Chironomidae,1,,,,object_4904,0.364769147513108,0.248708309597439,0.049974113553514,0.066629723442926,machine,Diopsis 2025,,0.999938249588013,"{body_length_mm: 12.9858892702711}, {biomass_mg: 25.4420331120402}"
2babf100-a552-4843-9f00-d0bb66d08dd4,DIOPSIS-231_Boer3_-_Controle_1,17d5e604-64e3-4e8d-9438-87eae2cadd50,,2025-06-14T21:21:41,2025-06-14T21:21:41,detection,animal,Chironomidae,1,,,,object_4903,0.426788330078125,0.69483147515191,0.05250852454285798,0.07074754503038194,machine,Diopsis 2025,,0.999406099319458,"{body_length_mm: 7.52590220633896}, {biomass_mg: 6.05996750807369}"
74c078fd-4f12-4abe-bd6b-0fd0761284ce,DIOPSIS-231_Boer3_-_Controle_1,17d5e604-64e3-4e8d-9438-87eae2cadd50,,2025-06-14T21:21:41,2025-06-14T21:21:41,detection,animal,Chironomidae,1,,,,object_4879,0.812349500958629,0.657029079861111,0.06676665291762296,0.08717651367187496,machine,Diopsis 2025,,0.666639407475789,"{body_length_mm: 4.78831067585515}, {biomass_mg: 1.84501863901809}"
2e33e915-cf4b-427b-9f7a-52d66bef6f10,DIOPSIS-231_Boer3_-_Controle_1,416c332a-e46b-44ab-8cf4-42d0a96c9d06,,2025-06-14T21:42:54,2025-06-14T21:42:54,detection,animal,Chironomidae,1,,,,object_4943,0.303329162088181,0.938938802083333,0.048450858445717004,0.061061197916666976,machine,Diopsis 2025,,0.995771110057831,"{body_length_mm: 9.51276931167996}, {biomass_mg: 11.2219562917582}"
775a76e4-8cea-473e-8557-888e027e800c,DIOPSIS-231_Boer3_-_Controle_1,416c332a-e46b-44ab-8cf4-42d0a96c9d06,,2025-06-14T21:42:54,2025-06-14T21:42:54,detection,animal,Chironomidae,1,,,,object_4946,0.437240116584281,0.53700693766276,0.04570391978166799,0.061001824273004046,machine,Diopsis 2025,,0.999359548091888,"{body_length_mm: 10.4721980599989}, {biomass_mg: 14.4484344973682}"
18b760a5-e285-459e-bcb9-a704aea53fc2,DIOPSIS-231_Boer3_-_Controle_1,416c332a-e46b-44ab-8cf4-42d0a96c9d06,,2025-06-14T21:42:54,2025-06-14T21:42:54,detection,animal,Chironomidae,1,,,,object_4952,0.737170797357575,0.106485061645508,0.04129232110483605,0.05543576558430999,machine,Diopsis 2025,,0.808786869049072,"{body_length_mm: 9.84305123213738}, {biomass_mg: 12.2758757922771}"
c4a2b5ec-34f6-4c50-bfc6-dd4bfef4e9c0,DIOPSIS-231_Boer3_-_Controle_1,416c332a-e46b-44ab-8cf4-42d0a96c9d06,,2025-06-14T21:42:54,2025-06-14T21:42:54,detection,animal,Chironomidae,1,,,,object_4947,0.80672438276033,0.709548814561632,0.05516793532841202,0.07325263129340298,machine,Diopsis 2025,,0.99039089679718,"{body_length_mm: 6.54073781067425}, {biomass_mg: 4.19005363601199}"
aa577b9b-93a9-45fe-8572-2c025e90b8bb,DIOPSIS-231_Boer3_-_Controle_1,cef22926-14cb-4aed-af19-13a193d24a4a,,2025-06-14T22:08:52,2025-06-14T22:08:52,detection,animal,Too small for identification,1,,,,object_5002,0.0,0.784443155924479,0.0358617811250766,0.06159864637586798,machine,Diopsis 2025,,0.55978399515152,"{body_length_mm: 9.60359774707486}, {biomass_mg: 11.5059523810563}"
b3bd0c27-ce13-4394-ab90-6d470e08b6c9,DIOPSIS-231_Boer3_-_Controle_1,cef22926-14cb-4aed-af19-13a193d24a4a,,2025-06-14T22:08:52,2025-06-14T22:08:52,detection,unknown,Too small for identification,1,,,,object_5003,0.371857122507239,0.192533925374349,0.02328735759142797,0.03096086290147601,machine,Diopsis 2025,,1.0,"{body_length_mm: 2.18681320665161}, {biomass_mg: 0.234869159829063}"
09eba523-601c-4f8b-897e-cd302799304f,DIOPSIS-231_Boer3_-_Controle_1,d1b11807-ceb4-4b7b-abaa-d89fdcb0534a,,2025-06-14T22:26:32,2025-06-14T22:26:32,detection,animal,Chironomidae,1,,,,object_5055,0.0327509018734022,0.849697740342882,0.0434660808072863,0.056070014105902954,machine,Diopsis 2025,,0.999941349029541,"{body_length_mm: 13.7602497766949}, {biomass_mg: 29.62841841945}"
01be7d7a-21ae-4d8d-b27a-53f1978265ba,DIOPSIS-231_Boer3_-_Controle_1,d1b11807-ceb4-4b7b-abaa-d89fdcb0534a,,2025-06-14T22:26:32,2025-06-14T22:26:32,detection,animal,Chironomidae,1,,,,object_5053,0.277454611853089,0.607297905815972,0.048323718852709974,0.06415086534288206,machine,Diopsis 2025,,0.97804456949234,"{body_length_mm: 11.1635309741953}, {biomass_mg: 17.0938313407284}"
5215aaa2-9965-414c-85f9-90d36f2445f7,DIOPSIS-231_Boer3_-_Controle_1,d1b11807-ceb4-4b7b-abaa-d89fdcb0534a,,2025-06-14T22:26:32,2025-06-14T22:26:32,detection,animal,Chironomidae,1,,,,object_5046,0.41719674188426,0.881457248263889,0.05614149192338802,0.07578199598524293,machine,Diopsis 2025,,0.999951481819153,"{body_length_mm: 5.32048399071908}, {biomass_mg: 2.43429246544457}"
1d8a3206-32dc-408e-a8b5-9e865a415d36,DIOPSIS-231_Boer3_-_Controle_1,d1b11807-ceb4-4b7b-abaa-d89fdcb0534a,,2025-06-14T22:26:32,2025-06-14T22:26:32,detection,animal,Chironomidae,1,,,,object_5063,0.496127375378235,0.107334340413411,0.021276763763173057,0.027926974826389006,machine,Diopsis 2025,,0.679490566253662,"{body_length_mm: 3.24929289151673}, {biomass_mg: 0.665466132239681}"
8b6fd508-beb6-472b-8010-6342bf74232e,DIOPSIS-231_Boer3_-_Controle_1,d1b11807-ceb4-4b7b-abaa-d89fdcb0534a,,2025-06-14T22:26:32,2025-06-14T22:26:32,detection,animal,Chironomidae,1,,,,object_5061,0.692148046222871,0.550403713650174,0.05062810168640508,0.06807312011718691,machine,Diopsis 2025,,0.999732196331024,"{body_length_mm: 8.91752144430724}, {biomass_mg: 9.46811232994678}"
30f8e297-a16d-4054-8862-4ec1097fcf7c,DIOPSIS-231_Boer3_-_Controle_1,d1b11807-ceb4-4b7b-abaa-d89fdcb0534a,,2025-06-14T22:26:32,2025-06-14T22:26:32,detection,animal,Chironomidae,1,,,,object_5048,0.812232729190578,0.467040405273438,0.05401590949107904,0.07258775499131903,machine,Diopsis 2025,,0.985997080802918,"{body_length_mm: 7.44156861894818}, {biomass_mg: 5.88300023048968}"
da4d43a6-0364-4f6c-864b-de67614fa3fb,DIOPSIS-231_Boer3_-_Controle_1,d1b11807-ceb4-4b7b-abaa-d89fdcb0534a,,2025-06-14T22:26:32,2025-06-14T22:26:32,detection,unknown,Miridae,1,,,,object_5064,0.0570419578998037,0.757499321831597,0.0329110108950301,0.043849555121527994,machine,Diopsis 2025,,0.490292012691498,"{body_length_mm: 4.59986628820552}, {biomass_mg: 1.66012637916187}"
76cb658b-0d3c-4308-a315-6cf1d446d470,DIOPSIS-231_Boer3_-_Controle_1,48ac6167-2c29-4a82-9124-6212b2e888b6,,2025-06-15T22:42:57,2025-06-15T22:42:57,detection,animal,Chironomidae,1,,,,object_5715,0.629721206894303,0.52608883327908,0.05250103525406902,0.06995534261067704,machine,Diopsis 2025,,0.999910354614258,"{body_length_mm: 4.85815401969021}, {biomass_mg: 1.91664075745711}"
39d41f02-8c4c-4342-b8f1-2665851f9837,DIOPSIS-231_Boer3_-_Controle_1,15609a41-5c02-4171-ac2e-c94fa91a74e9,,2025-06-16T01:53:23,2025-06-16T01:53:23,detection,unknown,Crambidae,1,,,,object_6052,0.780498370901372,0.217661760118273,0.05198998045244707,0.070730438232422,machine,Diopsis 2025,,0.499440461397171,"{body_length_mm: 14.4267791938966}, {biomass_mg: 18.3909050019591}"
4015d099-9d4d-41ec-89bd-28a551830bbc,DIOPSIS-231_Boer3_-_Controle_1,84e949b4-9e0f-40fd-9af6-821dff2bc441,,2025-06-17T22:00:12,2025-06-17T22:00:12,detection,animal,Limoniidae,1,,,,object_6172,0.512387844079325,0.566330973307292,0.06367648065786702,0.08274454752604099,machine,Diopsis 2025,,0.988438308238983,"{body_length_mm: 2.99405076292215}, {biomass_mg: 0.536639756455111}"
94f297e2-0bfd-4551-be8f-04e3db9977b8,DIOPSIS-231_Boer7_-_Controle_1,cf441e40-a108-4900-8f5a-3b864b3c7a61,,2025-06-18T11:09:11,2025-06-18T11:09:11,detection,animal,Chironomidae,1,,,,object_6235,0.395251520886047,0.463473103841146,0.025406189474318996,0.03441955566406202,machine,Diopsis 2025,,0.955232918262482,"{body_length_mm: 4.31667228871894}, {biomass_mg: 1.40463450707513}"
dcbb4556-4cb4-4517-9df8-f1a0845bf7aa,DIOPSIS-231_Boer7_-_Controle_1,0b49444d-0dda-424e-9a7a-8daa1d4ecc87,,2025-06-18T20:30:35,2025-06-18T20:30:35,detection,animal,Chironomidae,1,,,,object_6290,0.169430116580205,0.364069213867188,0.058790063619216015,0.07996778700086798,machine,Diopsis 2025,,0.999923765659332,"{body_length_mm: 6.48303375237568}, {biomass_mg: 4.09353151368118}"
6a2b262b-bb02-4b11-b7ea-c2f0bd49af3e,DIOPSIS-231_Boer7_-_Controle_1,17a7a47d-4dd6-4434-826a-825b9e4bd42d,,2025-06-18T21:26:02,2025-06-18T21:26:02,detection,animal,Chironomidae,1,,,,object_6315,0.150084646794951,0.486475457085504,0.066860663870937,0.08506452772352402,machine,Diopsis 2025,,0.997964262962341,"{body_length_mm: 10.4411678676069}, {biomass_mg: 14.3361101875567}"
52a08fe4-a682-40ff-8540-a66cf8c2acee,DIOPSIS-231_Boer7_-_Controle_1,17a7a47d-4dd6-4434-826a-825b9e4bd42d,,2025-06-18T21:26:02,2025-06-18T21:26:02,detection,animal,Chironomidae,1,,,,object_6350,0.494806866016929,0.261205223931207,0.05915661845262998,0.07777704874674402,machine,Diopsis 2025,,0.999884843826294,"{body_length_mm: 6.28846830010704}, {biomass_mg: 3.77828121111493}"
638e6cc6-205a-403d-84e0-5671d63757c1,DIOPSIS-231_Boer7_-_Controle_1,17a7a47d-4dd6-4434-826a-825b9e4bd42d,,2025-06-18T21:26:02,2025-06-18T21:26:02,detection,animal,Chironomidae,1,,,,object_6351,0.84165116502765,0.148536953396267,0.05536286062708695,0.073454827202691,machine,Diopsis 2025,,0.996180534362793,"{body_length_mm: 12.2722801315862}, {biomass_mg: 21.9277811832647}"
e518c264-70a0-4dc2-8a01-29cb21e69371,DIOPSIS-231_Boer7_-_Controle_1,17a7a47d-4dd6-4434-826a-825b9e4bd42d,,2025-06-18T21:26:02,2025-06-18T21:26:02,detection,animal,Chironomidae,1,,,,object_6313,0.87433503267164,0.890984971788195,0.06532870947021097,0.08974724663628397,machine,Diopsis 2025,,0.999843001365662,"{body_length_mm: 6.06371059933557}, {biomass_mg: 3.43339222622364}"
0a6dffb5-62dc-487b-b5e7-2ad2fcd704a6,DIOPSIS-231_Boer7_-_Controle_1,17a7a47d-4dd6-4434-826a-825b9e4bd42d,,2025-06-18T21:26:02,2025-06-18T21:26:02,detection,animal,Chironomidae,1,,,,object_6324,0.948325231994731,0.374893697102865,0.051674768005269045,0.07731248643663197,machine,Diopsis 2025,,0.996562302112579,"{body_length_mm: 11.9941745099056}, {biomass_mg: 20.644925038836}"
a008c8d0-56d6-4da2-9cf8-f6325d2f94dc,DIOPSIS-231_Boer7_-_Controle_1,d3538a3f-bd6b-45bf-ae22-daf2a6f7531d,,2025-06-19T01:44:45,2025-06-19T01:44:45,detection,animal,Chironomidae,1,,,,object_6803,0.0945716692330642,0.0020268143547905,0.0233081059782258,0.0309143511454265,machine,Diopsis 2025,,0.996026992797852,"{body_length_mm: 4.70059222258147}, {biomass_mg: 1.75744820312519}"
4cb36c21-8617-4e63-9f7a-242ad1f83274,DIOPSIS-231_Boer7_-_Controle_1,d3538a3f-bd6b-45bf-ae22-daf2a6f7531d,,2025-06-19T01:44:45,2025-06-19T01:44:45,detection,animal,Chironomidae,1,,,,object_6783,0.561420268725871,0.47312266031901,0.04905524914571202,0.06582282172309101,machine,Diopsis 2025,,0.951040009657542,"{body_length_mm: 8.33050769627003}, {biomass_mg: 7.91566162091409}"
98db445a-6b06-4980-b415-bedf74aba06e,DIOPSIS-231_Boer7_-_Controle_1,d3538a3f-bd6b-45bf-ae22-daf2a6f7531d,,2025-06-19T01:44:45,2025-06-19T01:44:45,detection,animal,Crambidae,1,,,,object_6800,0.534760285697517,0.132305704752604,0.05616737327512,0.074937472873264,machine,Diopsis 2025,,0.944767534732819,"{body_length_mm: 19.5560423423849}, {biomass_mg: 74.6775743616483}"
7cf87458-1c1c-480e-b5dc-0c4e5f01521e,DIOPSIS-231_Boer7_-_Controle_1,d3538a3f-bd6b-45bf-ae22-daf2a6f7531d,,2025-06-19T01:44:45,2025-06-19T01:44:45,detection,animal,Crambidae,1,,,,object_6804,0.766512557142764,0.530753818088108,0.06386850194660398,0.0838582017686631,machine,Diopsis 2025,,0.673142194747925,"{body_length_mm: 10.9117297944322}, {biomass_mg: 16.0983524278042}"
e1691409-2210-46b4-ab50-38f553a25c62,DIOPSIS-231_Boer7_-_Controle_1,d3538a3f-bd6b-45bf-ae22-daf2a6f7531d,,2025-06-19T01:44:45,2025-06-19T01:44:45,detection,unknown,Too small for identification,1,,,,object_6781,0.450796289714629,0.253167317708333,0.050863988809474014,0.06920294867621601,machine,Diopsis 2025,,1.0,"{body_length_mm: 2.90378873231471}, {biomass_mg: 0.495130005612863}"
8907efca-6b19-40ae-8073-4bdaf2296dea,DIOPSIS-231_Boer7_-_Controle_1,5cac091c-a709-4385-9ca5-15d77680bdf1,,2025-06-19T06:09:14,2025-06-19T06:09:14,detection,animal,Lepidoptera,1,,,,object_6848,0.554528441771442,0.45132819281684,0.07055011933952404,0.08856482611762195,machine,Diopsis 2025,,0.720323443412781,"{body_length_mm: 17.3793222747152}, {biomass_mg: 48.3365339285799}"
ae8542c9-1c93-4fb7-a863-1e3a50673849,DIOPSIS-231_Boer7_-_Controle_1,5cac091c-a709-4385-9ca5-15d77680bdf1,,2025-06-19T06:09:14,2025-06-19T06:09:14,detection,unknown,Too small for identification,1,,,,object_6847,0.760003091496896,0.725343967013889,0.029409316226915005,0.03815633138020802,machine,Diopsis 2025,,1.0,"{body_length_mm: 1.66944075863886}, {biomass_mg: 0.115473682891474}"
1a75a51d-83d6-49d1-ae5e-f039e2c5bb4b,DIOPSIS-231_Boer7_-_Controle_1,413a63f3-e6e7-4688-a3b5-2488728daf9c,,2025-06-19T07:24:09,2025-06-19T07:24:09,detection,animal,Lepidoptera,1,,,,object_6859,0.455572112374791,0.290240173339844,0.07861669473536703,0.10847524007161402,machine,Diopsis 2025,,0.524763464927673,"{body_length_mm: 24.5740364654762}, {biomass_mg: 74.9391280534439}"
4792fc95-0fd5-4c5a-a5c8-01a1b4103622,DIOPSIS-231_Boer7_-_Controle_1,e89607f2-1620-46de-8ee5-1494ea6029b2,,2025-06-19T08:52:45,2025-06-19T08:52:45,detection,animal,Diptera,1,,,,object_6889,0.0047594796437054,0.660481160481771,0.0453712084456557,0.06028835720486103,machine,Diopsis 2025,,0.916188776493072,"{body_length_mm: 4.30120467000281}, {biomass_mg: 1.04554151066105}"
4b094010-0322-42ec-927e-6bd1b6f852e9,DIOPSIS-231_Boer7_-_Controle_1,e638a4e1-7223-448e-a009-3f051b3da3dd,,2025-06-19T11:51:25,2025-06-19T11:51:25,detection,animal,Chironomidae,1,,,,object_6954,0.575334908767216,0.0,0.04256116965776291,0.049531987508138,machine,Diopsis 2025,,0.71830552816391,"{body_length_mm: 9.11527637425027}, {biomass_mg: 10.0303465086889}"
26710fd4-1881-4c5f-a978-222c8aaf49eb,DIOPSIS-231_Boer7_-_Controle_1,d2deb91a-8c60-48c9-afec-5e58086e716e,,2025-06-19T22:33:10,2025-06-19T22:33:10,detection,animal,Chironomidae,1,,,,object_7155,0.162878377210716,0.53885989718967,0.06637970633021201,0.087267354329427,machine,Diopsis 2025,,0.997744768857956,"{body_length_mm: 4.29316340256864}, {biomass_mg: 1.38460490391941}"
c47f2c77-d777-4e3e-9d1c-e7c74f6c2dbf,DIOPSIS-231_Boer7_-_Controle_1,d2deb91a-8c60-48c9-afec-5e58086e716e,,2025-06-19T22:33:10,2025-06-19T22:33:10,detection,animal,Chironomidae,1,,,,object_7108,0.622240477292884,0.170253261990017,0.06638811267476996,0.082614390055339,machine,Diopsis 2025,,0.999942123889923,"{body_length_mm: 16.4659854468962}, {biomass_mg: 47.5058373351847}"
e921e8c3-9357-4c31-840d-7fd6352a3054,DIOPSIS-231_Boer7_-_Controle_1,d2deb91a-8c60-48c9-afec-5e58086e716e,,2025-06-19T22:33:10,2025-06-19T22:33:10,detection,animal,Crambidae,1,,,,object_7148,0.575773669005634,0.577078111436632,0.05610440211224499,0.072080891927083,machine,Diopsis 2025,,0.998830854892731,"{body_length_mm: 3.95493913738551}, {biomass_mg: 1.11583233039672}"
4a079e8b-62c2-410c-88cd-65c1a119bbc2,DIOPSIS-231_Boer7_-_Controle_1,3f9b3785-2557-4e06-893b-5ac46753e06a,,2025-06-21T01:04:32,2025-06-21T01:04:32,detection,unknown,Chironomidae,1,,,,object_7767,0.418189658545493,0.800025566948785,0.06256755644172501,0.08378316243489603,machine,Diopsis 2025,,0.49987855553627,"{body_length_mm: 7.52093163421709}, {biomass_mg: 6.04944691913611}"
f2edfc9f-bf70-4692-b02c-96c77f80987c,DIOPSIS-231_Boer7_-_Controle_1,8e535bf9-2869-4780-8825-305a60ee9d8c,,2025-06-21T07:39:42,2025-06-21T07:39:42,detection,animal,Diptera,1,,,,object_7787,0.0185499525627429,0.386207071940104,0.060927679224284895,0.08006829155815998,machine,Diopsis 2025,,0.576872646808624,"{body_length_mm: 15.9828015089336}, {biomass_mg: 19.0937068530911}"
9c6a90a8-2675-4a6c-b8fc-edd4102cdc01,DIOPSIS-231_Boer7_-_Controle_1,d74ca1b7-ab40-402b-90ca-b044744991b1,,2025-06-21T21:14:42,2025-06-21T21:14:42,detection,animal,Chironomidae,1,,,,object_7834,0.827613333827864,0.628909505208333,0.058164516952082024,0.07284898546007001,machine,Diopsis 2025,,0.998917073011398,"{body_length_mm: 2.66457872262188}, {biomass_mg: 0.394933847297327}"
e4187677-97eb-4a6f-9e30-a30dcd9eadc7,DIOPSIS-231_Boer7_-_Controle_1,010df8e6-2f86-4604-97f4-a1d1ae23af34,,2025-06-21T21:40:31,2025-06-21T21:40:31,detection,animal,Chironomidae,1,,,,object_7853,0.670539817746374,0.568991292317708,0.04243532922709703,0.05725124782986102,machine,Diopsis 2025,,0.739450171589851,"{body_length_mm: 7.24027677383008}, {biomass_mg: 5.47365407457798}"
b38d638d-a802-422f-b95f-3b7f68dd21d2,DIOPSIS-231_Boer7_-_Controle_1,cd81a041-c853-4649-86f7-5e1477e59056,,2025-06-21T22:07:39,2025-06-21T22:07:39,detection,animal,Chironomidae,1,,,,object_7874,0.60906304819556,0.385488077799479,0.05866533129760598,0.07804534912109395,machine,Diopsis 2025,,0.664802074432373,"{body_length_mm: 7.5743348846716}, {biomass_mg: 6.16307278670102}"
777caac5-99be-442b-8b4b-e50b124c3d81,DIOPSIS-231_Boer7_-_Controle_1,76d46400-bf7e-4c9d-a0b0-493e59026091,,2025-06-21T23:03:36,2025-06-21T23:03:36,detection,unknown,Limoniidae,1,,,,object_7997,0.0,0.910205552842882,0.0489526853736533,0.07221591525607607,machine,Diopsis 2025,,0.447525948286057,"{body_length_mm: 5.19517966649577}, {biomass_mg: 2.28639234680922}"
71113e9c-fe9a-4e0d-b273-8cbc8f6328fc,DIOPSIS-231_Boer7_-_Controle_1,76d46400-bf7e-4c9d-a0b0-493e59026091,,2025-06-21T23:03:36,2025-06-21T23:03:36,detection,animal,Chironomidae,1,,,,object_7995,0.758116351145138,0.712976752387153,0.05635384128169307,0.074947441948785,machine,Diopsis 2025,,0.740631461143494,"{body_length_mm: 4.22874245114683}, {biomass_mg: 1.33062844799244}"
b0074d61-b75c-45ad-a899-1706b400f262,DIOPSIS-231_Boer7_-_Controle_1,76d46400-bf7e-4c9d-a0b0-493e59026091,,2025-06-21T23:03:36,2025-06-21T23:03:36,detection,unknown,Diptera,1,,,,object_7998,0.877675357366444,0.428963283962674,0.04308348386633998,0.056681043836805,machine,Diopsis 2025,,0.353793650865555,"{body_length_mm: 9.47051212096944}, {biomass_mg: 5.99681769013706}"
ab05e23f-0ad8-4a09-b9c6-509281d86d31,DIOPSIS-231_Boer7_-_Controle_1,76d46400-bf7e-4c9d-a0b0-493e59026091,,2025-06-21T23:03:36,2025-06-21T23:03:36,detection,animal,Miridae,1,,,,object_7977,0.399042807755765,0.384454142252604,0.05411877257995101,0.07212938096788202,machine,Diopsis 2025,,0.994994759559631,"{body_length_mm: 7.02987178454001}, {biomass_mg: 5.06515718988911}"
07ee2d6f-2e61-41f1-a674-ee33bce35ef0,DIOPSIS-231_Boer7_-_Controle_1,81832119-8742-4794-b7fd-36dde3c62efb,,2025-06-22T00:41:38,2025-06-22T00:41:38,detection,animal,Chironomidae,1,,,,object_8278,0.278146403062722,0.528939988878038,0.057307961389098994,0.07767859564887203,machine,Diopsis 2025,,0.97690612077713,"{body_length_mm: 8.25409082589905}, {biomass_mg: 7.72611850105854}"
91fd6e01-d256-4e79-b96c-f1b5088faeda,DIOPSIS-231_Boer7_-_Controle_1,b351d9aa-16b5-4d8d-b29b-e6d5560a7591,,2025-06-22T01:01:20,2025-06-22T01:01:20,detection,animal,Chironomidae,1,,,,object_8278,0.237994542703008,0.511390448676215,0.06338228407208599,0.08371887207031303,machine,Diopsis 2025,,0.999039471149445,"{body_length_mm: 8.20717365653583}, {biomass_mg: 7.61115353368918}"
0c22ee3c-fa35-4825-b7fb-4579d4e3e494,DIOPSIS-231_Boer7_-_Controle_1,b351d9aa-16b5-4d8d-b29b-e6d5560a7591,,2025-06-22T01:01:20,2025-06-22T01:01:20,detection,unknown,Crambidae,1,,,,object_8349,0.380730757928253,0.446490851508247,0.05778778534699697,0.078584628634982,machine,Diopsis 2025,,0.362093389034271,"{body_length_mm: 21.0327891297998}, {biomass_mg: 90.4357233833509}"
a6866a41-0fc4-43a8-9eb4-79f79299cf67,DIOPSIS-231_Boer7_-_Controle_1,b351d9aa-16b5-4d8d-b29b-e6d5560a7591,,2025-06-22T01:01:20,2025-06-22T01:01:20,detection,animal,Crambidae,1,,,,object_8345,0.50813545647368,0.569299655490451,0.053349311841350056,0.06891309950086899,machine,Diopsis 2025,,0.969669163227081,"{body_length_mm: 19.7764428009729}, {biomass_mg: 76.9114433510486}"
1771e89c-96aa-4fd5-a1b0-8b2848e72ea3,DIOPSIS-231_Boer7_-_Controle_1,c89603cb-e94c-4492-86dd-924cf9ab22c0,,2025-06-22T01:44:49,2025-06-22T01:44:49,detection,animal,Chironomidae,1,,,,object_8388,0.793141156484766,0.314943372938368,0.045405774761321016,0.06095818413628501,machine,Diopsis 2025,,0.999807178974152,"{body_length_mm: 5.53532761577099}, {biomass_mg: 2.70139575668031}"
b466eb6f-fdcb-41e6-9a36-7ba305ffee0d,DIOPSIS-231_Boer7_-_Controle_1,4824906f-b148-414c-9970-590e001f9a76,,2025-06-22T12:16:28,2025-06-22T12:16:28,detection,animal,Chironomidae,1,,,,object_8471,0.0961317976249478,0.142287360297309,0.021869933266870187,0.029037017822265976,machine,Diopsis 2025,,0.666403869787852,"{body_length_mm: 8.36626475211642}, {biomass_mg: 8.00533245827829}"
489a158f-2911-4b48-af7d-00e90eb52983,DIOPSIS-231_Boer7_-_Controle_1,c0e2802e-2947-4db5-b896-937c42be2dbc,,2025-06-22T18:01:09,2025-06-22T18:01:09,detection,animal,Chironomidae,1,,,,object_8491,0.77001458933835,0.325274013943142,0.021925784510642976,0.029278700086805998,machine,Diopsis 2025,,0.514187276363373,"{body_length_mm: 3.18854791734823}, {biomass_mg: 0.633243452106779}"
044216c3-13d4-4388-a3ba-4602bc58547a,DIOPSIS-231_Boer7_-_Controle_1,ef145f58-292e-4ae9-9bad-d468210f9b84,,2025-06-23T23:19:00,2025-06-23T23:19:00,detection,animal,Crambidae,1,,,,object_8602,0.15278025580965,0.525302361382379,0.05748134861406401,0.07497378879123207,machine,Diopsis 2025,,0.989935100078583,"{body_length_mm: 15.1540049704521}, {biomass_mg: 38.1863706292855}"
635e5111-b9fb-4f9f-b487-3e1cf238f29e,DIOPSIS-231_Boer7_-_Controle_1,902c09ad-ab9f-4ff8-821c-409c2ab7efab,,2025-06-24T16:33:04,2025-06-24T16:33:04,detection,animal,Insecta,1,,,,object_8651,0.769491459969089,0.327312249077691,0.021991863473628026,0.02931884765624998,machine,Diopsis 2025,,0.567902505397797,"{body_length_mm: 3.36074580288915}, {biomass_mg: 0.546147774132436}"
fb06053b-655c-4638-a635-af167b0b1e94,DIOPSIS-231_Boer7_-_Controle_1,2d34fa4f-b571-45f3-8818-cbb3680ce1ad,,2025-06-25T01:10:44,2025-06-25T01:10:44,detection,animal,Crambidae,1,,,,object_8860,0.246718163084307,0.310529378255208,0.05816512832259502,0.075888027615018,machine,Diopsis 2025,,0.692328155040741,"{body_length_mm: 18.8822562794464}, {biomass_mg: 68.0993520364284}"
3c3262fd-01ed-4c39-abd4-6f3b5ce0c25a,DIOPSIS-231_Boer7_-_Controle_1,2d34fa4f-b571-45f3-8818-cbb3680ce1ad,,2025-06-25T01:10:44,2025-06-25T01:10:44,detection,animal,Crambidae,1,,,,object_8849,0.522147661059448,0.143127085367839,0.05286352702094599,0.068808915879991,machine,Diopsis 2025,,0.936973750591278,"{body_length_mm: 18.667295293163}, {biomass_mg: 66.0792842514474}"
b0e35294-3817-49d3-9a9f-3b36023ebb78,DIOPSIS-231_Boer1_-_Controle_1,d90a7dfa-1093-43fb-bcc8-47fe73dde8a2,,2025-06-26T01:05:49,2025-06-26T01:05:49,detection,unknown,Chironomidae,1,,,,object_9081,0.104862652557322,0.237056986490885,0.05291907257946202,0.071707390679254,machine,Diopsis 2025,,0.473449945449829,"{body_length_mm: 11.7514501158773}, {biomass_mg: 19.5641866777644}"
944b7d0b-1a0f-40c5-92e7-84081b0c961b,DIOPSIS-231_Boer1_-_Controle_1,ad268d8f-28d5-4796-aac8-77d428c4b523,,2025-06-26T01:10:57,2025-06-26T01:10:57,detection,animal,Crambidae,1,,,,object_9093,0.280881369054218,0.671312459309896,0.057365735902611015,0.081411336263021,machine,Diopsis 2025,,0.843513607978821,"{body_length_mm: 9.67274053961489}, {biomass_mg: 11.7250996089778}"
d1697b24-c376-4453-b5d4-f152a17214ec,DIOPSIS-231_Boer1_-_Controle_1,977eda46-1ca3-4218-8fe7-727560de6b75,,2025-06-26T01:45:58,2025-06-26T01:45:58,detection,animal,Crambidae,1,,,,object_9110,0.273608556374883,0.0049997393290201,0.05784000657834598,0.07595003551907009,machine,Diopsis 2025,,0.996766448020935,"{body_length_mm: 3.22879372358093}, {biomass_mg: 0.654481303481673}"
9b27b808-e170-4910-a9cf-2d15b83334a1,DIOPSIS-231_Boer1_-_Controle_1,d41c15a0-5e09-4553-9282-47ab12dc8bfe,,2025-06-27T20:44:54,2025-06-27T20:44:54,detection,animal,Chironomidae,1,,,,object_9206,0.167722660631489,0.225915985107422,0.044435058491855,0.060166575113931975,machine,Diopsis 2025,,0.997401833534241,"{body_length_mm: 3.20380165456406}, {biomass_mg: 0.641241821106532}"
23a9dbc9-cdb1-47ce-b98e-08e494b9fde2,DIOPSIS-231_Boer1_-_Controle_1,d41c15a0-5e09-4553-9282-47ab12dc8bfe,,2025-06-27T20:44:54,2025-06-27T20:44:54,detection,unknown,Chironomidae,1,,,,object_9207,0.198220865953347,0.888013237847222,0.046207918348614985,0.06155700683593801,machine,Diopsis 2025,,0.499092906713486,"{body_length_mm: 7.3592459503025}, {biomass_mg: 5.71337696999146}"
c86f7663-6745-428f-8d2f-d93c1bdf0960,DIOPSIS-231_Boer1_-_Controle_1,d41c15a0-5e09-4553-9282-47ab12dc8bfe,,2025-06-27T20:44:54,2025-06-27T20:44:54,detection,animal,Chironomidae,1,,,,object_9205,0.78425702586994,0.453664042154948,0.055289496165484064,0.07341356065538202,machine,Diopsis 2025,,0.98406845331192,"{body_length_mm: 5.53680988587763}, {biomass_mg: 2.70329868644293}"
747844cb-ab13-425a-ab08-f5a8838ea477,DIOPSIS-231_Boer1_-_Controle_1,a8b3ae19-8937-482f-928e-381c21beea6e,,2025-06-27T23:06:58,2025-06-27T23:06:58,detection,animal,Chironomidae,1,,,,object_9277,0.952763476236436,0.0300771077473958,0.04723652376356402,0.07161991543240019,machine,Diopsis 2025,,0.998320877552032,"{body_length_mm: 5.08006840443579}, {biomass_mg: 2.15555048094996}"
eb7aa35b-f48c-4d41-ac75-d9aa3249312d,DIOPSIS-231_Boer1_-_Controle_1,9ff74716-461b-408e-b348-d633ebe7276d,,2025-06-27T23:20:15,2025-06-27T23:20:15,detection,animal,Chironomidae,1,,,,object_9277,0.957580872091507,0.0461864598592122,0.042419127908493004,0.0725755776299368,machine,Diopsis 2025,,0.952546507120132,"{body_length_mm: 3.26724865356889}, {biomass_mg: 0.675181304390244}"
66477ca6-6514-4664-9a50-a8ae27ec2fd5,DIOPSIS-231_Boer1_-_Controle_1,9ff74716-461b-408e-b348-d633ebe7276d,,2025-06-27T23:20:15,2025-06-27T23:20:15,detection,animal,Crambidae,1,,,,object_9281,0.170348904566693,0.130636410183377,0.05186784645551901,0.06919289482964402,machine,Diopsis 2025,,0.94608137011528,"{body_length_mm: 8.47097580278488}, {biomass_mg: 8.27153677684394}"
daa6079f-de58-45cd-860b-40a11e2fbae3,DIOPSIS-231_Boer1_-_Controle_1,56123000-fedc-4850-a255-8c66a960f330,,2025-07-01T01:34:46,2025-07-01T01:34:46,detection,animal,Chironomidae,1,,,,object_10375,0.73036940229158,0.759392428927951,0.05824134584659302,0.07819098578559103,machine,Diopsis 2025,,0.996789216995239,"{body_length_mm: 3.63657992097062}, {biomass_mg: 0.894837557419924}"
fd10ec5b-575e-4347-852c-f508b56ae946,DIOPSIS-231_Boer1_-_Controle_1,56123000-fedc-4850-a255-8c66a960f330,,2025-07-01T01:34:46,2025-07-01T01:34:46,detection,unknown,Chironomidae,1,,,,object_10377,0.794370418796953,0.42395026312934,0.035886124497860994,0.047994927300348045,machine,Diopsis 2025,,0.354810237884522,"{body_length_mm: 4.48517575576994}, {biomass_mg: 1.55346420315817}"
d25c92ce-cee0-4d95-9c75-6edebdffca86,DIOPSIS-231_Boer1_-_Controle_1,56123000-fedc-4850-a255-8c66a960f330,,2025-07-01T01:34:46,2025-07-01T01:34:46,detection,unknown,Diptera,1,,,,object_10378,0.782850364213794,0.410754021538629,0.05274171144616002,0.07120805528428797,machine,Diopsis 2025,,0.492454349994659,"{body_length_mm: 6.26208643481595}, {biomass_mg: 2.40074285281274}"
01b60639-9a86-4dcc-9e75-11ec95cbb612,DIOPSIS-231_Boer1_-_Controle_1,56123000-fedc-4850-a255-8c66a960f330,,2025-07-01T01:34:46,2025-07-01T01:34:46,detection,animal,Hymenoptera,1,,,,object_10353,0.416123735685778,0.810540907118056,0.04459759389020801,0.060941501193576,machine,Diopsis 2025,,0.665426353613536,"{body_length_mm: 8.4694302780048}, {biomass_mg: 4.37499292565486}"
3cc2ae10-3bfb-44e9-b3a8-b6c4863a36ed,DIOPSIS-231_Boer1_-_Controle_1,56123000-fedc-4850-a255-8c66a960f330,,2025-07-01T01:34:46,2025-07-01T01:34:46,detection,unknown,Lepidoptera,1,,,,object_10376,0.492208235649911,0.023393325805664,0.034475947461264034,0.0453078884548611,machine,Diopsis 2025,,0.401076376438141,"{body_length_mm: 8.41373384899488}, {biomass_mg: 5.02004868200979}"
9e8c3679-a758-48e3-9005-9c44f94d4790,DIOPSIS-231_Boer1_-_Controle_1,e112e038-bafc-49f4-b325-13095e8ae9c7,,2025-07-01T05:21:34,2025-07-01T05:21:34,detection,unknown,Auchenorrhyncha indet.,1,,,,object_10435,0.584629880367018,0.419864671495226,0.05377024043979495,0.07313568115234298,machine,Diopsis 2025,,0.439402773976326,"{body_length_mm: 4.68033698942256}, {biomass_mg: 1.73760113075038}"
85bc8707-6a79-448b-b95a-7c0ffba8150b,DIOPSIS-231_Boer1_-_Controle_1,af1e24d5-854f-458f-93f8-3133f15e9e32,,2025-07-01T21:35:36,2025-07-01T21:35:36,detection,animal,Auchenorrhyncha indet.,1,,,,object_10734,0.428211142105332,0.261949039035373,0.022342739200750972,0.029335988362631016,machine,Diopsis 2025,,0.848058700561523,"{body_length_mm: 4.83802840009374}, {biomass_mg: 1.89582908618174}"
b8fca3d9-3808-4908-b197-204dd0fd9ca4,DIOPSIS-231_Boer1_-_Controle_1,af1e24d5-854f-458f-93f8-3133f15e9e32,,2025-07-01T21:35:36,2025-07-01T21:35:36,detection,unknown,Auchenorrhyncha indet.,1,,,,object_10735,0.444750242917884,0.632903578016493,0.023423897006078,0.031181844075521048,machine,Diopsis 2025,,0.459666728973389,"{body_length_mm: 4.86814968803803}, {biomass_mg: 1.92702954784961}"
a2c7b382-925f-4c96-95d5-4d067835076d,DIOPSIS-231_Boer1_-_Controle_1,af1e24d5-854f-458f-93f8-3133f15e9e32,,2025-07-01T21:35:36,2025-07-01T21:35:36,detection,unknown,Auchenorrhyncha indet.,1,,,,object_10736,0.757069888616444,0.267374911838108,0.03282753971462904,0.04376224093966996,machine,Diopsis 2025,,0.470324337482452,"{body_length_mm: 3.55595959036997}, {biomass_mg: 0.843602160925683}"
e0df8b44-6af1-4697-a775-432dbf7d37d3,DIOPSIS-231_Boer1_-_Controle_1,af1e24d5-854f-458f-93f8-3133f15e9e32,,2025-07-01T21:35:36,2025-07-01T21:35:36,detection,animal,Chironomidae,1,,,,object_10739,0.155823467171849,0.478309088812934,0.023682850629140995,0.03121076795789901,machine,Diopsis 2025,,0.995610535144806,"{body_length_mm: 5.27552549421217}, {biomass_mg: 2.3805653852787}"
9c58c79e-6cac-4960-8eed-06b4b22f3e30,DIOPSIS-231_Boer1_-_Controle_1,af1e24d5-854f-458f-93f8-3133f15e9e32,,2025-07-01T21:35:36,2025-07-01T21:35:36,detection,animal,Chironomidae,1,,,,object_10740,0.47519883806996,0.966502278645833,0.024438568268077,0.0315801323784729,machine,Diopsis 2025,,0.965824564297994,"{body_length_mm: 3.53591833575334}, {biomass_mg: 0.831155167812214}"
8df7d462-09a0-4d6c-ae1c-ee785f5cce22,DIOPSIS-231_Boer1_-_Controle_1,af1e24d5-854f-458f-93f8-3133f15e9e32,,2025-07-01T21:35:36,2025-07-01T21:35:36,detection,unknown,Crambidae,1,,,,object_10726,0.629456789147277,0.427210489908854,0.021364291641667976,0.02802856445312496,machine,Diopsis 2025,,0.498355805873871,"{body_length_mm: 8.31969475109196}, {biomass_mg: 7.88866832238656}"
7737629f-596b-4134-9864-8e71b8414b0f,DIOPSIS-231_Boer1_-_Controle_1,f24b4917-79f0-43c3-b4d2-6a016d1b7a67,,2025-07-01T22:38:58,2025-07-01T22:38:58,detection,animal,Auchenorrhyncha indet.,1,,,,object_11510,0.482344740420232,0.780688137478299,0.02211551315995397,0.029522501627603948,machine,Diopsis 2025,,0.939610958099365,"{body_length_mm: 4.35370314218204}, {biomass_mg: 1.43654731141658}"
59f91f29-56dc-4d9e-aea3-fa1399c5abbb,DIOPSIS-231_Boer1_-_Controle_1,f24b4917-79f0-43c3-b4d2-6a016d1b7a67,,2025-07-01T22:38:58,2025-07-01T22:38:58,detection,animal,Chironomidae,1,,,,object_11511,0.565786676932257,0.733450181749132,0.022018356195873,0.02877231174045103,machine,Diopsis 2025,,0.869453489780426,"{body_length_mm: 4.87119647292121}, {biomass_mg: 1.93020308427179}"
896f51d6-4ee3-4e08-a485-8c11388d8d71,DIOPSIS-231_Boer1_-_Controle_1,f24b4917-79f0-43c3-b4d2-6a016d1b7a67,,2025-07-01T22:38:58,2025-07-01T22:38:58,detection,animal,Chironomidae,1,,,,object_11503,0.722769863020399,0.36910400390625,0.05818265427731095,0.07631127251519104,machine,Diopsis 2025,,0.999979376792908,"{body_length_mm: 12.9697436771318}, {biomass_mg: 25.3589237994245}"
7d9644dd-efee-4a23-a519-1b483e6a8862,DIOPSIS-231_Boer1_-_Controle_1,f24b4917-79f0-43c3-b4d2-6a016d1b7a67,,2025-07-01T22:38:58,2025-07-01T22:38:58,detection,animal,Chironomidae,1,,,,object_11512,0.733609360327108,0.796444023980035,0.03276635171575004,0.04324598524305501,machine,Diopsis 2025,,0.99554032087326,"{body_length_mm: 3.04645570359653}, {biomass_mg: 0.561696550582958}"
22c404dd-cd0b-4bf1-b31c-f7690b7322aa,DIOPSIS-231_Boer1_-_Controle_1,f24b4917-79f0-43c3-b4d2-6a016d1b7a67,,2025-07-01T22:38:58,2025-07-01T22:38:58,detection,animal,Chironomidae,1,,,,object_11488,0.837580354464472,0.598299560546875,0.06523639252269398,0.08184807671440997,machine,Diopsis 2025,,0.999919891357422,"{body_length_mm: 13.0055479867621}, {biomass_mg: 25.5434538331217}"
0ba3df76-9487-4b86-8ddf-43cccb2ab595,DIOPSIS-231_Boer1_-_Controle_1,f24b4917-79f0-43c3-b4d2-6a016d1b7a67,,2025-07-01T22:38:58,2025-07-01T22:38:58,detection,animal,Crambidae,1,,,,object_11495,0.438319745963324,0.687032199435764,0.05811881700620897,0.07715406629774302,machine,Diopsis 2025,,0.973486721515656,"{body_length_mm: 8.100662525976}, {biomass_mg: 7.3541125882259}"
736b8368-28c9-4c82-8e51-4290365777a3,DIOPSIS-231_Boer1_-_Controle_1,f24b4917-79f0-43c3-b4d2-6a016d1b7a67,,2025-07-01T22:38:58,2025-07-01T22:38:58,detection,animal,Crambidae,1,,,,object_11508,0.623226363193213,0.443174947102865,0.05334696825438201,0.07571434868706606,machine,Diopsis 2025,,0.937196493148804,"{body_length_mm: 7.92393378296596}, {biomass_mg: 6.93961948517598}"
7a5f88f4-5a43-466b-b932-c5de5e958db3,DIOPSIS-231_Boer1_-_Controle_1,f24b4917-79f0-43c3-b4d2-6a016d1b7a67,,2025-07-01T22:38:58,2025-07-01T22:38:58,detection,unknown,Too small for identification,1,,,,object_11506,0.852915462946056,0.0457629648844401,0.03945000701038193,0.0529118347167968,machine,Diopsis 2025,,1.0,"{body_length_mm: 1.71711045361135}, {biomass_mg: 0.124348515615406}"
fcc4dec7-21fc-4337-bcbc-456bf85c78a5,DIOPSIS-231_Boer1_-_Controle_1,2d85f723-8040-4f3c-9eb3-2d1b090f8bcb,,2025-07-02T00:13:36,2025-07-02T00:13:36,detection,animal,Chironomidae,1,,,,object_12260,0.246228226039167,0.873588392469618,0.051399422010317,0.07034925672743109,machine,Diopsis 2025,,0.99920928478241,"{body_length_mm: 8.12918573033541}, {biomass_mg: 7.42241078257913}"
ba939795-f0d1-4d78-815c-3b371f42aa38,DIOPSIS-231_Boer1_-_Controle_1,2d85f723-8040-4f3c-9eb3-2d1b090f8bcb,,2025-07-02T00:13:36,2025-07-02T00:13:36,detection,animal,Chironomidae,1,,,,object_12283,0.513705296588063,0.376621365017361,0.05517353955811799,0.07376539442274299,machine,Diopsis 2025,,0.844298422336578,"{body_length_mm: 9.79307703414426}, {biomass_mg: 12.1126362091067}"
eeaa1bf0-9b33-4dd1-949e-757a9ed6e731,DIOPSIS-231_Boer1_-_Controle_1,2d85f723-8040-4f3c-9eb3-2d1b090f8bcb,,2025-07-02T00:13:36,2025-07-02T00:13:36,detection,animal,Chironomidae,1,,,,object_12289,0.865578678494105,0.336558736165365,0.024397657391225014,0.032569715711805,machine,Diopsis 2025,,0.725224912166596,"{body_length_mm: 4.03077616212774}, {biomass_mg: 1.17298777816624}"
041773ef-1065-46bb-8013-45395e82d48b,DIOPSIS-231_Boer1_-_Controle_1,2d85f723-8040-4f3c-9eb3-2d1b090f8bcb,,2025-07-02T00:13:36,2025-07-02T00:13:36,detection,animal,Crambidae,1,,,,object_12267,0.0939271063955877,0.011080207824707,0.0569644730556783,0.07361753251817489,machine,Diopsis 2025,,0.999914050102234,"{body_length_mm: 18.7383895994875}, {biomass_mg: 66.7432130482599}"
04a1fb9c-d834-4e6d-9efb-fe83f74e20ce,DIOPSIS-231_Boer1_-_Controle_1,2d85f723-8040-4f3c-9eb3-2d1b090f8bcb,,2025-07-02T00:13:36,2025-07-02T00:13:36,detection,animal,Crambidae,1,,,,object_12244,0.358199258081503,0.881175198025174,0.044830500582025035,0.062111816406250075,machine,Diopsis 2025,,0.960982799530029,"{body_length_mm: 10.4036607884654}, {biomass_mg: 14.2010650744306}"
687287e0-3d52-4a38-b50a-6faf75f98e85,DIOPSIS-231_Boer1_-_Controle_1,2d85f723-8040-4f3c-9eb3-2d1b090f8bcb,,2025-07-02T00:13:36,2025-07-02T00:13:36,detection,animal,Crambidae,1,,,,object_12290,0.578642525139556,0.57945793999566,0.054138030751121,0.07021599663628397,machine,Diopsis 2025,,0.981706202030182,"{body_length_mm: 3.66770995064955}, {biomass_mg: 0.915124244716056}"
ffd3316b-7bce-4d11-a26a-1128e6d2367b,DIOPSIS-231_Boer1_-_Controle_1,2d85f723-8040-4f3c-9eb3-2d1b090f8bcb,,2025-07-02T00:13:36,2025-07-02T00:13:36,detection,animal,Miridae,1,,,,object_12253,0.236006951690317,0.663421020507813,0.039567721307974035,0.05347025553385398,machine,Diopsis 2025,,0.572393119335175,"{body_length_mm: 4.29998567515787}, {biomass_mg: 1.39039913150492}"
7511973c-84f3-4e5a-ad55-a7af4c784d78,DIOPSIS-231_Boer1_-_Controle_1,2d85f723-8040-4f3c-9eb3-2d1b090f8bcb,,2025-07-02T00:13:36,2025-07-02T00:13:36,detection,unknown,Plutellidae,1,,,,object_12285,0.472351685589263,0.251443549262153,0.03870994300396502,0.05482177734374999,machine,Diopsis 2025,,0.499270856380463,"{body_length_mm: 3.60560923296112}, {biomass_mg: 0.874933656522023}"
b6b0a510-62c9-431b-aa64-f09797d3fabf,DIOPSIS-231_Boer1_-_Controle_1,2d85f723-8040-4f3c-9eb3-2d1b090f8bcb,,2025-07-02T00:13:36,2025-07-02T00:13:36,detection,unknown,Too small for identification,1,,,,object_12249,0.350178331683992,0.823680284288194,0.024011576912041033,0.031732109917535056,machine,Diopsis 2025,,1.0,"{body_length_mm: 1.55784533319624}, {biomass_mg: 0.096263192951114}"
7f67a745-0951-4d17-970b-d25dc16e5982,DIOPSIS-231_Boer1_-_Controle_1,fea8f7b6-dfee-403d-880b-2c206f66e964,,2025-07-02T00:18:51,2025-07-02T00:18:51,detection,animal,Chironomidae,1,,,,object_12260,0.245015699994783,0.868690049913194,0.05681797339641598,0.07727267795138903,machine,Diopsis 2025,,0.981713235378265,"{body_length_mm: 10.0171945847269}, {biomass_mg: 12.8553387198788}"
9df688f1-707b-4da4-9b48-0123f8fb5738,DIOPSIS-231_Boer1_-_Controle_1,fea8f7b6-dfee-403d-880b-2c206f66e964,,2025-07-02T00:18:51,2025-07-02T00:18:51,detection,unknown,Chironomidae,1,,,,object_12249,0.350555368974332,0.824459635416667,0.022878223349137028,0.030122680664061985,machine,Diopsis 2025,,0.495453536510468,"{body_length_mm: 2.33630502268354}, {biomass_mg: 0.279482070420237}"
241820cb-e13a-4245-b4c8-d61a84055e8c,DIOPSIS-231_Boer1_-_Controle_1,fea8f7b6-dfee-403d-880b-2c206f66e964,,2025-07-02T00:18:51,2025-07-02T00:18:51,detection,animal,Chironomidae,1,,,,object_12322,0.638138403279555,0.627941419813368,0.046331746351340075,0.06111151801215298,machine,Diopsis 2025,,0.885265350341797,"{body_length_mm: 7.44618233804001}, {biomass_mg: 5.89259778730064}"
e5115b21-2787-40df-912d-83e470e9e560,DIOPSIS-231_Boer1_-_Controle_1,fea8f7b6-dfee-403d-880b-2c206f66e964,,2025-07-02T00:18:51,2025-07-02T00:18:51,detection,animal,Crambidae,1,,,,object_12326,0.219662062910841,0.479756401909722,0.05795680382016899,0.07784037272135402,machine,Diopsis 2025,,0.665374934673309,"{body_length_mm: 20.3795006297223}, {biomass_mg: 83.2339029504141}"
494aeecb-e331-4f6e-a504-713feb51522a,DIOPSIS-231_Boer1_-_Controle_1,fea8f7b6-dfee-403d-880b-2c206f66e964,,2025-07-02T00:18:51,2025-07-02T00:18:51,detection,animal,Crambidae,1,,,,object_12305,0.521703806066752,0.662642686631945,0.05035996476875493,0.06874905056423597,machine,Diopsis 2025,,0.883108615875244,"{body_length_mm: 10.3257681874082}, {biomass_mg: 13.9231368015119}"
258406eb-f35f-4f91-9957-a773a30ef033,DIOPSIS-231_Boer1_-_Controle_1,fea8f7b6-dfee-403d-880b-2c206f66e964,,2025-07-02T00:18:51,2025-07-02T00:18:51,detection,animal,Plutellidae,1,,,,object_12311,0.734490090499139,0.328840840657552,0.042017406533675916,0.055690273708767,machine,Diopsis 2025,,0.975872993469238,"{body_length_mm: 5.27596936460357}, {biomass_mg: 2.38109219780515}"
89b57f84-7a71-46c1-a067-8eeca8ac3662,DIOPSIS-231_Boer1_-_Controle_1,fea8f7b6-dfee-403d-880b-2c206f66e964,,2025-07-02T00:18:51,2025-07-02T00:18:51,detection,unknown,Too small for identification,1,,,,object_12327,0.667589598386634,0.825924140082465,0.023193206532372,0.030980631510417078,machine,Diopsis 2025,,1.0,"{body_length_mm: 2.10235474334544}, {biomass_mg: 0.211757125153861}"
feca8f4b-40bf-4c4d-b8cb-86f1c594887e,DIOPSIS-231_Boer1_-_Controle_1,fea8f7b6-dfee-403d-880b-2c206f66e964,,2025-07-02T00:18:51,2025-07-02T00:18:51,detection,unknown,Too small for identification,1,,,,object_12325,0.865434904528381,0.174978925916884,0.021223116000625986,0.028057708740234,machine,Diopsis 2025,,1.0,"{body_length_mm: 1.98105977005606}, {biomass_mg: 0.181118113827421}"
cda0d7e2-c5ae-4dcd-b9c1-f5ae24534c68,DIOPSIS-231_Boer1_-_Controle_1,b7df2fc8-8f5b-4b13-ac84-6d2bb6b23df1,,2025-07-02T04:54:12,2025-07-02T04:54:12,detection,animal,Diptera,1,,,,object_12916,0.152908032246942,0.26557851155599,0.057536805014378994,0.07678382025824598,machine,Diopsis 2025,,0.832013309001923,"{body_length_mm: 10.8985272439774}, {biomass_mg: 8.18278880622707}"
7786660b-b630-4aed-819f-4e8b642398cb,DIOPSIS-231_Boer6_-_Controle_1,a96a6d24-c97d-4b50-a99c-ef7217be70a1,,2025-07-09T19:30:41,2025-07-09T19:30:41,detection,animal,Lepidoptera,1,,,,object_12936,0.639179312526085,0.347450459798177,0.02460577810348008,0.03294182671440998,machine,Diopsis 2025,,0.765734791755676,"{body_length_mm: 3.90691484364373}, {biomass_mg: 0.98872915986082}"
41b339ff-59dc-4f4f-88a1-7643cfa6ef24,DIOPSIS-231_Boer6_-_Controle_1,4958cc87-e481-4a81-82dc-235ad5971402,,2025-07-11T22:53:04,2025-07-11T22:53:04,detection,animal,Caenidae,1,,,,object_13115,0.464364537412615,0.642423231336806,0.02337891032580297,0.031599934895833015,machine,Diopsis 2025,,0.999981701374054,"{body_length_mm: 3.62244850949427}, {biomass_mg: 0.885721314590884}"
a802498a-da52-4629-89e0-4fdbb0356606,DIOPSIS-231_Boer6_-_Controle_1,45466c97-9252-458c-b44a-271d990e7b96,,2025-07-12T01:25:54,2025-07-12T01:25:54,detection,animal,Caenidae,1,,,,object_13152,0.465208075878417,0.64396965874566,0.02152334987022697,0.02855041503906197,machine,Diopsis 2025,,0.874328307807446,"{body_length_mm: 3.65598889245699}, {biomass_mg: 0.907452823999589}"
3734a87c-c905-44b4-ac70-4d0dbd738132,DIOPSIS-231_Boer6_-_Controle_1,45466c97-9252-458c-b44a-271d990e7b96,,2025-07-12T01:25:54,2025-07-12T01:25:54,detection,animal,Crambidae,1,,,,object_13151,0.0082892448157818,0.820247599283854,0.0520348174743143,0.07194769965277792,machine,Diopsis 2025,,0.982354819774628,"{body_length_mm: 11.5950704078646}, {biomass_mg: 18.8868821629502}"
ae13ec34-c127-4051-aecc-f546f4d922d9,DIOPSIS-231_Boer6_-_Controle_1,13921f78-3435-40a4-a7aa-f0ec70248e59,,2025-07-12T17:20:53,2025-07-12T17:20:53,detection,animal,Caenidae,1,,,,object_13182,0.460631509058066,0.647945421006944,0.023835349361566005,0.03167453342013904,machine,Diopsis 2025,,0.998730674386024,"{body_length_mm: 1.13483390340848}, {biomass_mg: 0.0418401476910106}"
94f6810a-c1b7-4303-8749-a2230b6b39ac,DIOPSIS-231_Boer6_-_Controle_1,13921f78-3435-40a4-a7aa-f0ec70248e59,,2025-07-12T17:20:53,2025-07-12T17:20:53,detection,animal,Insecta,1,,,,object_13185,0.640172331082403,0.347303398980035,0.02247082132329903,0.029953104654947993,machine,Diopsis 2025,,0.546216905117035,"{body_length_mm: 1.71189358969778}, {biomass_mg: 0.101547836076634}"
4cd442d7-0ffb-484e-9c95-b9fd7119548b,DIOPSIS-231_Boer6_-_Controle_1,a205e66b-eb46-462a-b136-bc4ff33fa746,,2025-07-12T22:33:54,2025-07-12T22:33:54,detection,animal,Caenidae,1,,,,object_13205,0.461524008112479,0.650870768229167,0.021424409742148987,0.028723687065971948,machine,Diopsis 2025,,0.999586671590805,"{body_length_mm: 4.56745955501005}, {biomass_mg: 1.62954269205745}"
07c915d1-1657-422d-bd76-ab6fec75f822,DIOPSIS-231_Boer6_-_Controle_1,a205e66b-eb46-462a-b136-bc4ff33fa746,,2025-07-12T22:33:54,2025-07-12T22:33:54,detection,animal,Chironomidae,1,,,,object_13206,0.717864735496661,0.722971530490451,0.06286238987179205,0.081187472873264,machine,Diopsis 2025,,0.999976754188538,"{body_length_mm: 6.65667332915591}, {biomass_mg: 4.38821410058724}"
2fcaafa0-af3f-43c9-8c18-31411c2dcefb,DIOPSIS-231_Boer6_-_Controle_1,d9051f51-7c9e-49ad-8bec-d6f11d779a23,,2025-07-13T11:54:31,2025-07-13T11:54:31,detection,animal,Caenidae,1,,,,object_13348,0.460684290712385,0.649629855685764,0.022627739755060994,0.03038208007812493,machine,Diopsis 2025,,0.799938833713532,"{body_length_mm: 6.10691574403711}, {biomass_mg: 3.4981056809846}"
ab54c1d1-b7e4-49fc-85e9-ebfccc739775,DIOPSIS-231_Boer6_-_Controle_1,d9051f51-7c9e-49ad-8bec-d6f11d779a23,,2025-07-13T11:54:31,2025-07-13T11:54:31,detection,unknown,Too small for identification,1,,,,object_13372,0.362209670332716,0.0402828894721137,0.024705813603727977,0.03294642130533851,machine,Diopsis 2025,,1.0,"{body_length_mm: 2.66288522471208}, {biomass_mg: 0.39427404894095}"
eca019ce-503b-4e23-a448-f67d7394ef85,DIOPSIS-231_Boer6_-_Controle_1,913bf0b2-01b7-44c9-9f95-a52c50017656,,2025-07-13T15:52:32,2025-07-13T15:52:32,detection,animal,Chironomidae,1,,,,object_13381,0.460536186205525,0.649665323893229,0.022910396722402027,0.030602959526910056,machine,Diopsis 2025,,0.99992847442627,"{body_length_mm: 9.29968871529148}, {biomass_mg: 10.5728769510674}"
8bd657ea-2481-4283-89eb-ed357462c3ec,DIOPSIS-231_Boer6_-_Controle_1,812b964e-f622-4ade-afdb-e0014e863957,,2025-07-13T15:57:42,2025-07-13T15:57:42,detection,animal,Caenidae,1,,,,object_13381,0.460301216138225,0.649761352539063,0.022963229324264978,0.030864800347222054,machine,Diopsis 2025,,0.999933123588562,"{body_length_mm: 2.95474047969654}, {biomass_mg: 0.518307059614711}"
5f69bc3e-a17f-4dfd-9c9a-963d7fcd8c28,DIOPSIS-231_Boer6_-_Controle_1,fb578e9b-f4f3-4bd9-9f6a-72c2dc5de4b7,,2025-07-13T21:03:07,2025-07-13T21:03:07,detection,animal,Auchenorrhyncha indet.,1,,,,object_13523,0.690196093016355,0.346034037272135,0.022714095840072,0.029760843912761015,machine,Diopsis 2025,,0.937119543552399,"{body_length_mm: 4.71632749968905}, {biomass_mg: 1.77296293120861}"
e0652fe5-0f15-454d-9fac-224c7e6e19dd,DIOPSIS-231_Boer6_-_Controle_1,fb578e9b-f4f3-4bd9-9f6a-72c2dc5de4b7,,2025-07-13T21:03:07,2025-07-13T21:03:07,detection,animal,Cicadellidae,1,,,,object_13524,0.478716664003808,0.400816073947483,0.02175989931135297,0.028989495171441004,machine,Diopsis 2025,,0.601938724517822,"{body_length_mm: 4.10145073348818}, {biomass_mg: 1.22785441900049}"
8056096c-873c-4753-9bbc-2ab94428cca7,DIOPSIS-231_Boer6_-_Controle_1,69cc3ebc-a4ff-494f-b95a-6d2e3f0157fc,,2025-07-13T21:14:03,2025-07-13T21:14:03,detection,animal,Auchenorrhyncha indet.,1,,,,object_13568,0.627530513502322,0.251167992485894,0.023541178249555927,0.031014862060546988,machine,Diopsis 2025,,0.711443424224854,"{body_length_mm: 5.62312588361107}, {biomass_mg: 2.81554766938118}"
60a603d0-39b4-419c-9887-7d5c9776b9de,DIOPSIS-231_Boer6_-_Controle_1,5ab7c970-13d3-4188-8ac5-8d577bab7686,,2025-07-14T00:43:50,2025-07-14T00:43:50,detection,unknown,Lepidoptera,1,,,,object_14510,0.757717431885173,0.457805718315972,0.03951562744548198,0.054129909939236,machine,Diopsis 2025,,0.487871944904327,"{body_length_mm: 4.23769512983528}, {biomass_mg: 0.98872915986082}"
53ee8381-5da6-46aa-954f-d5ae41d097b0,DIOPSIS-231_Boer6_-_Controle_1,1cae7954-b7ba-49e1-8ee8-510650b88a1e,,2025-07-14T01:08:55,2025-07-14T01:08:55,detection,animal,Auchenorrhyncha indet.,1,,,,object_14571,0.575482147165849,0.373567131890191,0.021121271862610036,0.027516852484809007,machine,Diopsis 2025,,0.626054883003235,"{body_length_mm: 5.13468306733345}, {biomass_mg: 2.21703288120963}"
e303ea23-96fd-48c5-9a09-204adc72a8b9,DIOPSIS-231_Boer6_-_Controle_1,b49fb634-1d86-4717-b824-5a6dd6faf96e,,2025-07-14T01:44:56,2025-07-14T01:44:56,detection,unknown,Caenidae,1,,,,object_14628,0.50957207528498,0.637935248480903,0.020863884876486938,0.027306586371528052,machine,Diopsis 2025,,0.499969124794006,"{body_length_mm: 5.63295290348895}, {biomass_mg: 2.82850695357853}"
925ad248-917d-42d5-b5e6-c60aeebd6711,DIOPSIS-231_Boer6_-_Controle_1,373bfec5-60b0-4268-9efa-8100d206aaaa,,2025-07-14T10:50:20,2025-07-14T10:50:20,detection,animal,Caenidae,1,,,,object_14772,0.46109365421862,0.649002278645833,0.02351835375039102,0.031228705512152954,machine,Diopsis 2025,,0.999864935874939,"{body_length_mm: 6.18986511778946}, {biomass_mg: 3.62445550486693}"
9e4fee21-69f8-4020-9142-2eeca3896b2e,DIOPSIS-231_Boer6_-_Controle_1,373bfec5-60b0-4268-9efa-8100d206aaaa,,2025-07-14T10:50:20,2025-07-14T10:50:20,detection,animal,Insecta,1,,,,object_14875,0.640334446163528,0.347167460123698,0.022429706656276083,0.029837002224392006,machine,Diopsis 2025,,0.537467896938324,"{body_length_mm: 3.46389291034681}, {biomass_mg: 0.588916029233402}"
c24645a7-9406-48e9-925d-450fb923a4b2,DIOPSIS-231_Boer6_-_Controle_1,d12e88e2-d2e2-4315-a4ff-b63c2897c6ca,,2025-07-14T13:22:33,2025-07-14T13:22:33,detection,unknown,Caenidae,1,,,,object_14772,0.460911924333525,0.649735378689236,0.023260864869182996,0.03095960828993094,machine,Diopsis 2025,,0.499768972396851,"{body_length_mm: 9.88099217046159}, {biomass_mg: 12.4007146684314}"
3cafcf7e-118d-4916-a34c-4c756907791d,DIOPSIS-231_Boer6_-_Controle_1,749b6a0f-e620-4f7e-9a08-14126cd84dd3,,2025-07-15T15:58:04,2025-07-15T15:58:04,detection,animal,Caenidae,1,,,,object_14999,0.42519051324147,0.887067532009549,0.022900156266302985,0.029874945746526937,machine,Diopsis 2025,,0.664406359195709,"{body_length_mm: 4.97418510653429}, {biomass_mg: 2.039388492209}"
ad560a7a-1320-4258-b2c9-fdbaec317618,DIOPSIS-231_Boer2_-_Drukdrainage_1,23be30ce-fe82-4c60-ad66-1c448ff318ba,,2025-07-17T06:03:42,2025-07-17T06:03:42,detection,animal,Caenidae,1,,,,object_15110,0.587379926831177,0.537273966471354,0.025661614980044933,0.033975897894965024,machine,Diopsis 2025,,0.532518148422241,"{body_length_mm: 5.48316044667353}, {biomass_mg: 1.7892946830794}"
08ea93fc-dfc3-4d10-9fe5-971fa7d3d181,DIOPSIS-231_Boer2_-_Drukdrainage_1,b4417bfd-27ab-4266-aa0a-c7d48ee73201,,2025-07-17T23:28:39,2025-07-17T23:28:39,detection,animal,Diptera,1,,,,object_15190,0.640390692250757,0.354762403700087,0.024271256537587993,0.032424587673611005,machine,Diopsis 2025,,0.633765161037445,"{body_length_mm: 3.42247979341573}, {biomass_mg: 0.630525659669587}"
04e513f3-6935-4c77-98fe-0b95c941fd48,DIOPSIS-231_Boer2_-_Drukdrainage_1,36d1c2f4-43f0-4235-9ef3-72a91f0299b1,,2025-07-18T07:33:06,2025-07-18T07:33:06,detection,animal,Formicidae,1,,,,object_15220,0.833323330632434,0.384699944390191,0.027378445276633023,0.036293097601997004,machine,Diopsis 2025,,0.696275591850281,"{body_length_mm: 4.70381170271295}, {biomass_mg: 1.76061568286005}"
c4385f5d-a52c-43fd-8d02-0b9f53c20bde,DIOPSIS-231_Boer2_-_Drukdrainage_1,c9086889-6366-409e-8562-67e842116e55,,2025-07-18T22:34:16,2025-07-18T22:34:16,detection,animal,Auchenorrhyncha indet.,1,,,,object_15610,0.471807311094663,0.593858913845486,0.022570474716975986,0.02959974500868101,machine,Diopsis 2025,,0.542529404163361,"{body_length_mm: 4.50465571777751}, {biomass_mg: 1.57127164734893}"
47bf88f4-5e13-4a1c-9b95-71545108c649,DIOPSIS-231_Boer2_-_Drukdrainage_1,c9086889-6366-409e-8562-67e842116e55,,2025-07-18T22:34:16,2025-07-18T22:34:16,detection,animal,Auchenorrhyncha indet.,1,,,,object_15611,0.524628093127217,0.737662556966146,0.022828218335898987,0.03015306260850703,machine,Diopsis 2025,,0.958245992660522,"{body_length_mm: 4.73335165583527}, {biomass_mg: 1.78984375973989}"
130c90ac-757e-47c9-aca8-7b28426fd8ba,DIOPSIS-231_Boer2_-_Drukdrainage_1,c9086889-6366-409e-8562-67e842116e55,,2025-07-18T22:34:16,2025-07-18T22:34:16,detection,unknown,Diptera,1,,,,object_15586,0.789490917887234,0.871577419704861,0.043154861373774,0.05707689073350697,machine,Diopsis 2025,,0.491080015897751,"{body_length_mm: 14.4538216568136}, {biomass_mg: 15.2843884411233}"
ab2d23e0-cede-4866-b105-4a8d1dd2ba0e,DIOPSIS-231_Boer2_-_Drukdrainage_1,c9086889-6366-409e-8562-67e842116e55,,2025-07-18T22:34:16,2025-07-18T22:34:16,detection,animal,Plutellidae,1,,,,object_15612,0.598435900247157,0.888820122612847,0.03947639783754098,0.052268066406249925,machine,Diopsis 2025,,0.958293497562408,"{body_length_mm: 6.08158559262544}, {biomass_mg: 3.46007490199199}"
691c92a2-a1a6-48e3-87ff-b955b662898b,DIOPSIS-231_Boer2_-_Drukdrainage_1,4aee9943-d25a-42b7-8df7-928d737e782e,,2025-07-19T00:19:50,2025-07-19T00:19:50,detection,animal,Auchenorrhyncha indet.,1,,,,object_16113,0.675293427277885,0.796552124023437,0.02179719291266702,0.029178059895833997,machine,Diopsis 2025,,0.779146522283554,"{body_length_mm: 5.65519897673654}, {biomass_mg: 2.85798013366787}"
66119c3d-6c9b-4b78-ac45-8ccba67b706f,DIOPSIS-231_Boer2_-_Drukdrainage_1,4aee9943-d25a-42b7-8df7-928d737e782e,,2025-07-19T00:19:50,2025-07-19T00:19:50,detection,unknown,Caenidae,1,,,,object_16109,0.586670635140599,0.706746080186632,0.02598823967680497,0.028421495225694038,machine,Diopsis 2025,,0.4932841360569,"{body_length_mm: 4.82584559277135}, {biomass_mg: 1.88329934340316}"
cb90553c-ae44-4029-8188-9023fb7b5960,DIOPSIS-231_Boer2_-_Drukdrainage_1,4aee9943-d25a-42b7-8df7-928d737e782e,,2025-07-19T00:19:50,2025-07-19T00:19:50,detection,animal,Caenidae,1,,,,object_16106,0.659232061573978,0.111345011393229,0.04157151363926803,0.05654037475585999,machine,Diopsis 2025,,0.650978724161784,"{body_length_mm: 3.7400234577002}, {biomass_mg: 0.963342526350711}"
9dbda48b-f8d8-4098-915d-a113c9207abb,DIOPSIS-231_Boer2_-_Drukdrainage_1,c1b5a340-8cc2-4e4e-95d8-61b9cd879146,,2025-07-19T02:17:05,2025-07-19T02:17:05,detection,animal,Auchenorrhyncha indet.,1,,,,object_16465,0.231638658424849,0.596836547851563,0.021791919841989027,0.028681572808158973,machine,Diopsis 2025,,0.80018538236618,"{body_length_mm: 3.95537023989727}, {biomass_mg: 1.11615224496598}"
b8e43b4b-864a-446a-a8ab-72c123914e8a,DIOPSIS-231_Boer2_-_Drukdrainage_1,c1b5a340-8cc2-4e4e-95d8-61b9cd879146,,2025-07-19T02:17:05,2025-07-19T02:17:05,detection,animal,Auchenorrhyncha indet.,1,,,,object_16466,0.312327440672605,0.806307576497396,0.021142083933835043,0.02802456325954794,machine,Diopsis 2025,,0.880390107631683,"{body_length_mm: 4.44757925375289}, {biomass_mg: 1.51945056348069}"
acd05796-e3ca-4dac-87b7-415c1192eac1,DIOPSIS-231_Boer2_-_Drukdrainage_1,f912e704-8f2c-460b-9d3a-0b0669ec3dbb,,2025-07-19T02:45:14,2025-07-19T02:45:14,detection,unknown,Chironomidae,1,,,,object_16534,0.595006213562317,0.520125562879774,0.021199527288319975,0.02862409803602506,machine,Diopsis 2025,,0.333073536554972,"{body_length_mm: 4.79268335581705}, {biomass_mg: 1.84945314297326}"
c776c2d2-24d6-4178-a18f-b5068fcb29a4,DIOPSIS-231_Boer2_-_Drukdrainage_1,f912e704-8f2c-460b-9d3a-0b0669ec3dbb,,2025-07-19T02:45:14,2025-07-19T02:45:14,detection,animal,Cicadellidae,1,,,,object_16529,0.405746842067508,0.557433878580729,0.021266370464446016,0.028103230794271017,machine,Diopsis 2025,,0.709349274635315,"{body_length_mm: 3.92317833126573}, {biomass_mg: 1.09241920279056}"
42878dc7-c295-46c7-ae8c-cb9697d7cdda,DIOPSIS-231_Boer2_-_Drukdrainage_1,2c9a7a44-0536-4d07-b8b3-bdd8be6c38f8,,2025-07-19T02:51:09,2025-07-19T02:51:09,detection,animal,Caenidae,1,,,,object_16549,0.665235770962672,0.278126932779948,0.022146438318422,0.02881981743706602,machine,Diopsis 2025,,0.535526054246085,"{body_length_mm: 5.22672357973923}, {biomass_mg: 2.32308406346561}"
5cfe8908-77d3-4be9-baa4-7e29d5e3c830,DIOPSIS-231_Boer2_-_Drukdrainage_1,2c9a7a44-0536-4d07-b8b3-bdd8be6c38f8,,2025-07-19T02:51:09,2025-07-19T02:51:09,detection,unknown,Too small for identification,1,,,,object_16548,0.785777555284198,0.670913628472222,0.02141844887964295,0.028374769422742974,machine,Diopsis 2025,,1.0,"{body_length_mm: 2.28892953638629}, {biomass_mg: 0.264822284729115}"
ec14b5a4-12a9-4c1d-868a-8aa71a43974a,DIOPSIS-231_Boer2_-_Drukdrainage_1,f77d7af8-e16b-42bb-817a-475d7a4faaf6,,2025-07-19T20:46:47,2025-07-19T20:46:47,detection,animal,Chironomidae,1,,,,object_16594,0.0,0.25634275648329,0.0390305686275628,0.06386130438910598,machine,Diopsis 2025,,0.880952060222626,"{body_length_mm: 9.52541407513119}, {biomass_mg: 11.2612296850713}"
28dc10a5-cc7e-4b7d-af9e-031555e03223,DIOPSIS-231_Boer2_-_Drukdrainage_1,f77d7af8-e16b-42bb-817a-475d7a4faaf6,,2025-07-19T20:46:47,2025-07-19T20:46:47,detection,animal,Chironomidae,1,,,,object_16589,0.106527248885675,0.3870654296875,0.045727814179231,0.062219746907552,machine,Diopsis 2025,,0.988606035709381,"{body_length_mm: 8.35904234114713}, {biomass_mg: 7.98716977101286}"
33c2c8bb-b8fc-4676-a868-4d0d55505fd7,DIOPSIS-231_Boer2_-_Drukdrainage_1,f77d7af8-e16b-42bb-817a-475d7a4faaf6,,2025-07-19T20:46:47,2025-07-19T20:46:47,detection,animal,Chironomidae,1,,,,object_16595,0.581485296131573,0.321299811469184,0.062183717654424986,0.08203670925564199,machine,Diopsis 2025,,0.979610204696655,"{body_length_mm: 3.58706110881659}, {biomass_mg: 0.863145943538377}"
efe2f82c-0598-452c-b136-4816ff8ec6e0,DIOPSIS-231_Boer2_-_Drukdrainage_1,f77d7af8-e16b-42bb-817a-475d7a4faaf6,,2025-07-19T20:46:47,2025-07-19T20:46:47,detection,unknown,Too small for identification,1,,,,object_16596,0.237135592605514,0.115720435248481,0.04518598706176999,0.061003638373480995,machine,Diopsis 2025,,1.0,"{body_length_mm: 1.87917617364828}, {biomass_mg: 0.15763613303775}"
b19fc0a9-0804-4aaf-83f4-d563da8efbfe,DIOPSIS-231_Boer2_-_Drukdrainage_1,5156024d-b1f7-4224-b464-22513379b5f1,,2025-07-20T20:57:58,2025-07-20T20:57:58,detection,unknown,Caenidae,1,,,,object_17148,0.619446412151763,0.194025709364149,0.024399236765051957,0.033059336344401,machine,Diopsis 2025,,0.498797029256821,"{body_length_mm: 3.70994228226728}, {biomass_mg: 0.943098094466281}"
f1d1b491-8d3a-40bf-9c91-b74b2a6c31cc,DIOPSIS-231_Boer2_-_Drukdrainage_1,ee8dd019-7cfe-40bd-914f-131b44298baa,,2025-07-21T00:47:27,2025-07-21T00:47:27,detection,animal,Chironomidae,1,,,,object_17308,0.141389111246609,0.264107157389323,0.04264161582781201,0.05334865993923599,machine,Diopsis 2025,,0.998340129852295,"{body_length_mm: 8.74738771647785}, {biomass_mg: 9.00039116916548}"
f19033df-63d0-440a-b406-b4e0c36693cc,DIOPSIS-231_Boer2_-_Drukdrainage_1,d47d798a-969d-4b9b-937e-8a59618158b0,,2025-07-21T09:13:54,2025-07-21T09:13:54,detection,unknown,Plutellidae,1,,,,object_17364,0.363793502068878,0.356778869628906,0.02695150486813902,0.036440836588542025,machine,Diopsis 2025,,0.498460799455643,"{body_length_mm: 4.22380498547753}, {biomass_mg: 1.32654626903318}"
56d4cb6e-e630-4b0b-b7a6-33b4c04e33e7,DIOPSIS-231_Boer2_-_Drukdrainage_1,49455dc4-1b3c-4508-917b-f2998848b197,,2025-07-22T20:37:27,2025-07-22T20:37:27,detection,animal,Chironomidae,1,,,,object_17448,0.533526183368766,0.659853719075521,0.04558750464641603,0.06034735785590295,machine,Diopsis 2025,,0.993001461029053,"{body_length_mm: 2.34427258722962}, {biomass_mg: 0.281995762176604}"
2d6168db-be7f-4810-b91a-4155212af580,DIOPSIS-231_Boer2_-_Drukdrainage_1,8edf1e74-4cc9-4038-bba2-5800368ea5f7,,2025-07-22T23:19:48,2025-07-22T23:19:48,detection,animal,Crambidae,1,,,,object_17460,0.228482865729993,0.568401963975694,0.054169006857131,0.07618299696180597,machine,Diopsis 2025,,0.645344972610474,"{body_length_mm: 13.477686864432}, {biomass_mg: 28.0549601760251}"
8fb2f9c0-201c-45e2-888d-ace7662bd378,DIOPSIS-231_Boer2_-_Drukdrainage_1,8edf1e74-4cc9-4038-bba2-5800368ea5f7,,2025-07-22T23:19:48,2025-07-22T23:19:48,detection,animal,Crambidae,1,,,,object_17461,0.250942325751252,0.861402926974826,0.054736740800096995,0.07281012641059104,machine,Diopsis 2025,,0.989329755306244,"{body_length_mm: 14.2201229096884}, {biomass_mg: 32.3040568344071}"
1531a7d1-b1a9-493f-bdd5-145db7d5f16a,DIOPSIS-231_Boer8_-_Controle_2,10500413-9da0-4990-85ea-2f88542d9c97,,2025-07-23T22:40:15,2025-07-23T22:40:15,detection,animal,Chironomidae,1,,,,object_17543,0.302062504279594,0.118780297173394,0.09288111513166397,0.123013051350912,machine,Diopsis 2025,,0.701816320419312,"{body_length_mm: 25.5362757408953}, {biomass_mg: 74.9391280534439}"
ee4e56ca-7486-41e3-8e7e-6ebf5aee77e4,DIOPSIS-231_Boer8_-_Controle_2,10500413-9da0-4990-85ea-2f88542d9c97,,2025-07-23T22:40:15,2025-07-23T22:40:15,detection,animal,Lepidoptera,1,,,,object_17544,0.760567895956151,0.820305786132813,0.05526341102358101,0.07451232910156202,machine,Diopsis 2025,,0.757501840591431,"{body_length_mm: 6.93909250603968}, {biomass_mg: 2.7506792242959}"
ea823e72-f9a7-4ec9-941a-360ca541a8b3,DIOPSIS-231_Boer8_-_Controle_2,6d35f2ea-7730-47f5-93a8-1000db6000c4,,2025-07-23T23:32:39,2025-07-23T23:32:39,detection,unknown,Crambidae,1,,,,object_17556,0.840158911499635,0.913145616319444,0.06968492816804006,0.08685438368055598,machine,Diopsis 2025,,0.493006944656372,"{body_length_mm: 13.2137058800208}, {biomass_mg: 26.6327521050449}"
170b8e54-7847-490a-9d7e-fb706a12a03c,DIOPSIS-231_Boer8_-_Controle_2,7e75856e-a917-4e50-b4eb-7076e979aa72,,2025-07-24T10:32:30,2025-07-24T10:32:30,detection,unknown,Auchenorrhyncha indet.,1,,,,object_17602,0.839902339674197,0.512805447048611,0.094118758314639,0.12376329210069503,machine,Diopsis 2025,,0.414826452732086,"{body_length_mm: 4.79287421243649}, {biomass_mg: 1.84964684834587}"
1149d0f0-3890-4b12-92fa-24f7df16f789,DIOPSIS-231_Boer8_-_Controle_2,fed04661-562c-4bbd-8fe2-e1c9c03e14f1,,2025-07-25T03:24:22,2025-07-25T03:24:22,detection,animal,Caenidae,1,,,,object_17860,0.478794359006547,0.676060723198785,0.02177941222023705,0.02881761338975708,machine,Diopsis 2025,,0.599718582630157,"{body_length_mm: 4.07948706916335}, {biomass_mg: 1.21063682424352}"
b834eea3-83c5-4eda-aaaa-d19d8655c9d4,DIOPSIS-231_Boer8_-_Controle_2,001ad062-40dd-4ebf-a688-32b14290448b,,2025-07-26T01:29:47,2025-07-26T01:29:47,detection,unknown,Caenidae,1,,,,object_17924,0.478996926436639,0.674956597222222,0.022255364164883995,0.029685465494792007,machine,Diopsis 2025,,0.499997615814209,"{body_length_mm: 4.69441228902187}, {biomass_mg: 1.75137798849593}"
58709869-285c-41c3-9fc4-41ced12b2234,DIOPSIS-231_Boer8_-_Controle_2,01eb51bd-c7ee-4610-80d0-3f849aa92c14,,2025-07-26T07:06:34,2025-07-26T07:06:34,detection,unknown,Caenidae,1,,,,object_18009,0.476585935869679,0.672339816623264,0.026485844327132968,0.03499559190538193,machine,Diopsis 2025,,0.33331835269928,"{body_length_mm: 2.00274700114838}, {biomass_mg: 0.186379383866777}"
03fe95ac-294c-41f5-bad4-b224287c6789,DIOPSIS-231_Boer8_-_Controle_2,01eb51bd-c7ee-4610-80d0-3f849aa92c14,,2025-07-26T07:06:34,2025-07-26T07:06:34,detection,animal,Caenidae,1,,,,object_18010,0.745570009260225,0.230906965467665,0.025663296248957024,0.034640485975477,machine,Diopsis 2025,,0.953137159347534,"{body_length_mm: 3.86093572911683}, {biomass_mg: 1.04742447955644}"
c76a7b9f-e590-4000-9025-c2e8ff60d7b3,DIOPSIS-231_Boer8_-_Controle_2,ee5ef4b3-a97d-4436-a97a-0f9252a9d707,,2025-07-26T19:03:22,2025-07-26T19:03:22,detection,animal,Caenidae,1,,,,object_18009,0.47685575405624,0.670430094401042,0.02564943851731999,0.034512125651041003,machine,Diopsis 2025,,0.999419093132019,"{body_length_mm: 0.710967105948245}, {biomass_mg: 0.03}"
d922fb57-dd1d-4ce6-9119-68959d63edd1,DIOPSIS-231_Boer8_-_Controle_2,ee5ef4b3-a97d-4436-a97a-0f9252a9d707,,2025-07-26T19:03:22,2025-07-26T19:03:22,detection,animal,Caenidae,1,,,,object_18010,0.745116678024572,0.229797176784939,0.025697736787875902,0.034743635389540006,machine,Diopsis 2025,,0.985073626041412,"{body_length_mm: 3.46177506767284}, {biomass_mg: 0.786098955096117}"
60909858-532d-401b-8b20-1036499ba77a,DIOPSIS-231_Boer8_-_Controle_2,022f7b4f-8f10-4854-a3c5-94755e2cc0f2,,2025-07-26T20:41:58,2025-07-26T20:41:58,detection,animal,Caenidae,1,,,,object_18009,0.477061938761869,0.672503323025174,0.02472499535358408,0.032909884982639026,machine,Diopsis 2025,,0.999985893567403,"{body_length_mm: 2.4412592901089}, {biomass_mg: 0.313722621495878}"
18680588-4751-49e2-b19e-f6dfcba16429,DIOPSIS-231_Boer8_-_Controle_2,022f7b4f-8f10-4854-a3c5-94755e2cc0f2,,2025-07-26T20:41:58,2025-07-26T20:41:58,detection,animal,Caenidae,1,,,,object_18010,0.747054977289623,0.232233649359809,0.023264838777519947,0.031363559299044996,machine,Diopsis 2025,,0.941283106803894,"{body_length_mm: 2.92277145230077}, {biomass_mg: 0.503688143642766}"
d90660bb-8fce-4668-b86b-e80a0f9ddf50,DIOPSIS-231_Boer8_-_Controle_2,022f7b4f-8f10-4854-a3c5-94755e2cc0f2,,2025-07-26T20:41:58,2025-07-26T20:41:58,detection,unknown,Too small for identification,1,,,,object_18035,0.739347123542493,0.575423719618056,0.025390930685255997,0.034217054578992934,machine,Diopsis 2025,,1.0,"{body_length_mm: 2.39476411076323}, {biomass_mg: 0.298251243750255}"
17088de2-3b86-44c9-816b-961415240002,DIOPSIS-231_Boer8_-_Controle_2,578b99a6-e1bb-411e-a70f-bd6263845472,,2025-07-26T20:54:00,2025-07-26T20:54:00,detection,animal,Caenidae,1,,,,object_18009,0.476900740736514,0.671891276041667,0.025235642574863992,0.033712836371527,machine,Diopsis 2025,,0.709369311109185,"{body_length_mm: 2.45040153493305}, {biomass_mg: 0.316821931697479}"
d9c681f0-e07b-4bcc-aa40-33bbef96ecb9,DIOPSIS-231_Boer8_-_Controle_2,578b99a6-e1bb-411e-a70f-bd6263845472,,2025-07-26T20:54:00,2025-07-26T20:54:00,detection,animal,Caenidae,1,,,,object_18048,0.746239205234636,0.231828104654948,0.02400444425605197,0.03236829969618102,machine,Diopsis 2025,,0.644087215264638,"{body_length_mm: 4.42695646328601}, {biomass_mg: 1.50099091882118}"
9201ad1c-70e7-4bae-8254-98f82793cd69,DIOPSIS-231_Boer8_-_Controle_2,3732170a-2989-4a57-bbbc-356999c54e10,,2025-07-27T02:54:12,2025-07-27T02:54:12,detection,animal,Caenidae,1,,,,object_18530,0.477866145724645,0.674174126519097,0.02327884935178498,0.030376925998264026,machine,Diopsis 2025,,0.999999523162842,"{body_length_mm: 2.23737679573928}, {biomass_mg: 0.249422234494698}"
356f4522-6ece-4909-83f0-8d67757e52de,DIOPSIS-231_Boer8_-_Controle_2,de0efae2-f3e7-4f49-b125-96068fb88db6,,2025-07-27T11:14:25,2025-07-27T11:14:25,detection,animal,Caenidae,1,,,,object_18612,0.4765720271905,0.672704603407118,0.02554555647759299,0.03385409884982593,machine,Diopsis 2025,,0.999486863613129,"{body_length_mm: 4.65254928755772}, {biomass_mg: 1.71060028067923}"
37343c0b-23c8-4d3f-b135-dab2738dba08,DIOPSIS-231_Boer8_-_Controle_2,de0efae2-f3e7-4f49-b125-96068fb88db6,,2025-07-27T11:14:25,2025-07-27T11:14:25,detection,animal,Caenidae,1,,,,object_18616,0.745290918620879,0.230933922661675,0.025521254499687007,0.03447168986002597,machine,Diopsis 2025,,0.655225197474162,"{body_length_mm: 5.16876936513209}, {biomass_mg: 2.25594999942021}"
1ab9b5a3-43ba-47c9-9291-5b86cc678e12,DIOPSIS-231_Boer8_-_Controle_2,8988da28-73bb-4c6b-89bc-0de7715465c6,,2025-07-27T20:55:15,2025-07-27T20:55:15,detection,animal,Caenidae,1,,,,object_18612,0.478456474902833,0.675797661675347,0.023497210520138034,0.03151095920138891,machine,Diopsis 2025,,0.999990177154541,"{body_length_mm: 4.41184592331937}, {biomass_mg: 1.48755400310711}"
fbd3fed9-d705-4aad-a11d-093bbf5eb545,DIOPSIS-231_Boer8_-_Controle_2,8988da28-73bb-4c6b-89bc-0de7715465c6,,2025-07-27T20:55:15,2025-07-27T20:55:15,detection,animal,Chironomidae,1,,,,object_18640,0.299291925955694,0.82991936577691,0.03052364088259102,0.03961073133680504,machine,Diopsis 2025,,0.998092114925384,"{body_length_mm: 5.94990984427735}, {biomass_mg: 3.26650680795208}"
6095d166-1663-47d2-aeb3-91acf3aed990,DIOPSIS-231_Boer8_-_Controle_2,7793d1f7-a1a9-4773-9bb2-10ab9c46ba0e,,2025-07-27T22:05:06,2025-07-27T22:05:06,detection,unknown,Caenidae,1,,,,object_18612,0.478517968586968,0.675712551540799,0.02368546169070801,0.03169806586371504,machine,Diopsis 2025,,0.39999303817749,"{body_length_mm: 9.15489909232186}, {biomass_mg: 10.1454221370666}"
b9b43577-77b6-46b0-9d69-58ac7e71829c,DIOPSIS-231_Boer8_-_Controle_2,78f1b143-e9c6-4fb2-8aa7-5d6a4fbd41da,,2025-07-27T23:23:25,2025-07-27T23:23:25,detection,animal,Chironomidae,1,,,,object_18754,0.198651907639034,0.0308007007175021,0.032822827066920995,0.044488444858127196,machine,Diopsis 2025,,0.999178230762482,"{body_length_mm: 4.10310432530503}, {biomass_mg: 1.22915679424576}"
8015df84-7fa2-4488-95a5-03356277c41c,DIOPSIS-231_Boer8_-_Controle_2,78f1b143-e9c6-4fb2-8aa7-5d6a4fbd41da,,2025-07-27T23:23:25,2025-07-27T23:23:25,detection,unknown,Too small for identification,1,,,,object_18612,0.478202144769277,0.675054524739583,0.024345639950047016,0.03264879014756994,machine,Diopsis 2025,,1.0,"{body_length_mm: 1.73608408951949}, {biomass_mg: 0.127994805743549}"
2fb02c94-2229-4a28-a3ed-26c87a24b9b2,DIOPSIS-231_Boer8_-_Controle_2,21fcab37-fb08-4d49-b34b-49ca7dc5e9d3,,2025-07-28T01:43:21,2025-07-28T01:43:21,detection,animal,Lepidoptera,1,,,,object_18782,0.322679293573599,0.822629733615451,0.06835173286858304,0.092366468641493,machine,Diopsis 2025,,0.873468190431595,"{body_length_mm: 14.8556480644877}, {biomass_mg: 29.6168299246687}"
9ba5c511-ea3b-4178-8783-5ff10236c4f4,DIOPSIS-231_Boer8_-_Controle_2,21fcab37-fb08-4d49-b34b-49ca7dc5e9d3,,2025-07-28T01:43:21,2025-07-28T01:43:21,detection,unknown,Too small for identification,1,,,,object_18796,0.432447124602202,0.970640055338542,0.029569597196498987,0.02935994466145797,machine,Diopsis 2025,,1.0,"{body_length_mm: 2.55719033837359}, {biomass_mg: 0.354436214193049}"
abf3269b-a65c-4bc0-b095-fd405c7fa1c6,DIOPSIS-231_Boer8_-_Controle_2,21fcab37-fb08-4d49-b34b-49ca7dc5e9d3,,2025-07-28T01:43:21,2025-07-28T01:43:21,detection,unknown,Too small for identification,1,,,,object_18612,0.478683446205916,0.675529106987847,0.023340139245748015,0.03143242730034701,machine,Diopsis 2025,,1.0,"{body_length_mm: 1.81276944478296}, {biomass_mg: 0.143404315183685}"
8e201dde-1b42-4280-ba44-79ae4517a881,DIOPSIS-231_Boer8_-_Controle_2,7cc80b0f-29f5-4daa-b2a1-883e37ff2285,,2025-07-28T02:39:15,2025-07-28T02:39:15,detection,animal,Caenidae,1,,,,object_18828,0.478601981085011,0.675512084960938,0.02357801332298698,0.03168450249565902,machine,Diopsis 2025,,0.999877244234085,"{body_length_mm: 2.20431457437875}, {biomass_mg: 0.239845044244138}"
ae1310f6-209f-4358-9673-7f6b3431e6e4,DIOPSIS-231_Boer8_-_Controle_2,7cc80b0f-29f5-4daa-b2a1-883e37ff2285,,2025-07-28T02:39:15,2025-07-28T02:39:15,detection,animal,Lepidoptera,1,,,,object_18818,0.312990446520568,0.819618598090278,0.07156675208192098,0.09386901855468699,machine,Diopsis 2025,,0.792598426342011,"{body_length_mm: 23.3170108103705}, {biomass_mg: 74.9391280534439}"
2e6cbbc8-9bc5-4369-876c-ccf4dae28e18,DIOPSIS-231_Boer8_-_Controle_2,7cc80b0f-29f5-4daa-b2a1-883e37ff2285,,2025-07-28T02:39:15,2025-07-28T02:39:15,detection,unknown,Too small for identification,1,,,,object_18867,0.727613140227202,0.152049916585286,0.03727021639255501,0.052066226535374016,machine,Diopsis 2025,,1.0,"{body_length_mm: 2.82038311086698}, {biomass_mg: 0.458597382695367}"
446a3d63-dd96-4cfd-b042-281e80ba39d1,DIOPSIS-231_Boer8_-_Controle_2,8d205626-a0a8-424d-a71e-f655bb99edb1,,2025-07-28T03:14:53,2025-07-28T03:14:53,detection,animal,Lepidoptera,1,,,,object_18818,0.309347748159367,0.826221245659722,0.06974005340932798,0.09503241644965299,machine,Diopsis 2025,,0.539227386315664,"{body_length_mm: 22.1634285990806}, {biomass_mg: 74.9391280534439}"
9f4d7f9a-59c8-433f-b1e9-638070e1644b,DIOPSIS-231_Boer8_-_Controle_2,8d205626-a0a8-424d-a71e-f655bb99edb1,,2025-07-28T03:14:53,2025-07-28T03:14:53,detection,unknown,Too small for identification,1,,,,object_18904,0.478729910364931,0.675791761610243,0.023260406341297946,0.03125278049045199,machine,Diopsis 2025,,1.0,"{body_length_mm: 2.08022820362426}, {biomass_mg: 0.205945891615914}"
3637b4e7-be02-4b83-bb11-60dd4ff6b6b5,DIOPSIS-231_Boer8_-_Controle_2,61ccb4d7-873b-4d4c-a2be-a0b48b474a73,,2025-07-28T03:34:01,2025-07-28T03:34:01,detection,animal,Caenidae,1,,,,object_18949,0.472810722949708,0.677091742621528,0.029269719959698015,0.03963060167100696,machine,Diopsis 2025,,0.999779482682546,"{body_length_mm: 5.18924426425856}, {biomass_mg: 2.27952875230486}"
a23ca8d1-9cf2-45ba-906b-0b3c78e1e2ba,DIOPSIS-231_Boer8_-_Controle_2,61ccb4d7-873b-4d4c-a2be-a0b48b474a73,,2025-07-28T03:34:01,2025-07-28T03:34:01,detection,animal,Lepidoptera,1,,,,object_18818,0.302186612493805,0.82565422905816,0.07851352596123701,0.10779276529947901,machine,Diopsis 2025,,0.927433967590332,"{body_length_mm: 20.3126209190638}, {biomass_mg: 74.9391280534439}"
8caf2234-f56d-4030-ac99-8ca09aba811b,DIOPSIS-231_Boer8_-_Controle_2,54098df6-9aa8-4234-9995-6780fa3c8f84,,2025-07-28T04:05:30,2025-07-28T04:05:30,detection,animal,Diptera,1,,,,object_18959,0.110134717021044,0.546503261990017,0.04994178733761999,0.06708051893446199,machine,Diopsis 2025,,0.985019326210022,"{body_length_mm: 8.44579438813088}, {biomass_mg: 4.65437965767867}"
5b03f4d0-6468-4943-ba1a-97abb63bd899,DIOPSIS-231_Boer8_-_Controle_2,54098df6-9aa8-4234-9995-6780fa3c8f84,,2025-07-28T04:05:30,2025-07-28T04:05:30,detection,animal,Lepidoptera,1,,,,object_18818,0.286375934174144,0.85636216905382,0.07363759137951303,0.09283589680989501,machine,Diopsis 2025,,0.876034259796143,"{body_length_mm: 16.545376289519}, {biomass_mg: 41.4573450712545}"
a5f99bfc-46ab-4263-9b3f-885f3b9a4950,DIOPSIS-231_Boer8_-_Controle_2,54098df6-9aa8-4234-9995-6780fa3c8f84,,2025-07-28T04:05:30,2025-07-28T04:05:30,detection,unknown,Too small for identification,1,,,,object_18953,0.478622054416867,0.676000840928819,0.022911160935543018,0.030949774848091027,machine,Diopsis 2025,,1.0,"{body_length_mm: 1.9137814092085}, {biomass_mg: 0.165385749768628}"
0666380e-6973-4fbb-83fb-74f0a4098004,DIOPSIS-231_Boer8_-_Controle_2,80146ac9-fa50-48b1-b580-1e790474889b,,2025-07-28T10:34:03,2025-07-28T10:34:03,detection,animal,Diptera,1,,,,object_18968,0.77759650075973,0.42086910671658,0.03182479017764006,0.04121761745876701,machine,Diopsis 2025,,0.864762127399445,"{body_length_mm: 4.38751016589989}, {biomass_mg: 1.09253435917976}"
acdc588c-f27a-4f11-a578-6fefffe64b8d,DIOPSIS-231_Boer8_-_Controle_2,d8de386c-b21a-4825-9c69-14dceb370885,,2025-07-29T01:58:15,2025-07-29T01:58:15,detection,animal,Auchenorrhyncha indet.,1,,,,object_19089,0.677816655281589,0.30336435953776,0.021416105292675014,0.028221401638455046,machine,Diopsis 2025,,0.791959881782532,"{body_length_mm: 5.28094669475577}, {biomass_mg: 2.38700454592199}"
6a49cb50-1e9a-414d-ae87-5b8814061f1f,DIOPSIS-231_Boer8_-_Controle_2,82f4df31-467f-4187-9f32-aef1f7481c64,,2025-07-29T23:33:08,2025-07-29T23:33:08,detection,animal,Caenidae,1,,,,object_19333,0.871871209502817,0.727094116210937,0.02366421656536999,0.031327650282119035,machine,Diopsis 2025,,0.999380826950073,"{body_length_mm: 4.81623216088279}, {biomass_mg: 1.87344846941576}"
d63cb061-2827-41fc-938a-115d1d7d244c,DIOPSIS-231_Boer8_-_Controle_2,82f4df31-467f-4187-9f32-aef1f7481c64,,2025-07-29T23:33:08,2025-07-29T23:33:08,detection,unknown,Chironomidae,1,,,,object_19335,0.316200472874713,0.667183770073785,0.043190295389777034,0.05725565592447901,machine,Diopsis 2025,,0.454893454909325,"{body_length_mm: 27.4443781187175}, {biomass_mg: 182.076409905762}"
4a0f8510-08fc-4dc9-af6e-3effefb08b03,DIOPSIS-231_Boer8_-_Controle_2,82f4df31-467f-4187-9f32-aef1f7481c64,,2025-07-29T23:33:08,2025-07-29T23:33:08,detection,animal,Crambidae,1,,,,object_19334,0.413299815284589,0.635236409505208,0.050400060484923015,0.068623792860243,machine,Diopsis 2025,,0.986508369445801,"{body_length_mm: 6.79148957523833}, {biomass_mg: 4.62582613750465}"
20741637-739e-4e2b-8c0d-50fc57418cd6,DIOPSIS-231_Boer7_-_Drukdrainage_2,51cf5d30-5bf2-47cc-8122-7f407da39c9f,,2025-08-05T19:03:33,2025-08-05T19:03:33,detection,animal,Chironomidae,1,,,,object_19476,0.391331234838011,0.826269802517361,0.03119889961459199,0.041051364474826935,machine,Diopsis 2025,,0.999917387962341,"{body_length_mm: 3.22031090655925}, {biomass_mg: 0.64996874963211}"
18b68b61-1fdf-4027-93c5-09e6be9ae905,DIOPSIS-231_Boer7_-_Drukdrainage_2,03a415b0-436e-4c84-b812-98f04ecc6ea9,,2025-08-05T21:02:08,2025-08-05T21:02:08,detection,animal,Chironomidae,1,,,,object_19522,0.0157000520989572,0.0124442015753852,0.05829984636259,0.0752388869391547,machine,Diopsis 2025,,0.999734580516815,"{body_length_mm: 8.27448824175666}, {biomass_mg: 7.77643347716546}"
49280160-5121-49f1-9070-2c0b2ae03218,DIOPSIS-231_Boer7_-_Drukdrainage_2,03a415b0-436e-4c84-b812-98f04ecc6ea9,,2025-08-05T21:02:08,2025-08-05T21:02:08,detection,animal,Chironomidae,1,,,,object_19515,0.272486793377961,0.217358839246962,0.05172370312010899,0.07065650092230899,machine,Diopsis 2025,,0.999621391296387,"{body_length_mm: 5.23443095353425}, {biomass_mg: 2.33210432956224}"
f6ddd853-7f3d-47a8-b321-c9819cb6bf3b,DIOPSIS-231_Boer7_-_Drukdrainage_2,03a415b0-436e-4c84-b812-98f04ecc6ea9,,2025-08-05T21:02:08,2025-08-05T21:02:08,detection,unknown,Chironomidae,1,,,,object_19521,0.462484522136504,0.930954115125868,0.04408037443590801,0.059886067708333046,machine,Diopsis 2025,,0.498564213514328,"{body_length_mm: 10.2358464332719}, {biomass_mg: 13.6065100810349}"
48bc071d-280c-45b6-8827-8bbd2bfda751,DIOPSIS-231_Boer7_-_Drukdrainage_2,03a415b0-436e-4c84-b812-98f04ecc6ea9,,2025-08-05T21:02:08,2025-08-05T21:02:08,detection,animal,Chironomidae,1,,,,object_19516,0.758235823132956,0.877541842990451,0.04809723155128298,0.064105088975695,machine,Diopsis 2025,,0.998308300971985,"{body_length_mm: 10.1873215633041}, {biomass_mg: 13.4375190797859}"
9e1e00ad-eedc-4ac5-9319-8ff022cd04bf,DIOPSIS-231_Boer7_-_Drukdrainage_2,ca5d68c9-26b0-4fea-ade5-a9ed3c5e5ae7,,2025-08-05T22:54:39,2025-08-05T22:54:39,detection,animal,Chironomidae,1,,,,object_19515,0.311659059858879,0.245592108832465,0.04600603871035103,0.061566331651475986,machine,Diopsis 2025,,0.984343588352203,"{body_length_mm: 6.60724635792358}, {biomass_mg: 4.30303789066983}"
c87b7ccb-6c75-43b6-9f4b-d73892092a23,DIOPSIS-231_Boer7_-_Drukdrainage_2,4206a237-6730-4733-b96f-6334c0be4cc9,,2025-08-06T22:13:02,2025-08-06T22:13:02,detection,animal,Chironomidae,1,,,,object_19762,0.0099254665470282,0.732574530707465,0.0478751257385356,0.06305372450086799,machine,Diopsis 2025,,0.999937057495117,"{body_length_mm: 6.47731115903969}, {biomass_mg: 4.08403517923212}"
fb7a6f33-2704-4160-b720-c25bfee3b601,DIOPSIS-231_Boer7_-_Drukdrainage_2,4206a237-6730-4733-b96f-6334c0be4cc9,,2025-08-06T22:13:02,2025-08-06T22:13:02,detection,animal,Tortricidae,1,,,,object_19765,0.217069367932557,0.403163248697917,0.044104370728557996,0.05972113715277805,machine,Diopsis 2025,,0.999907612800598,"{body_length_mm: 13.6187724687115}, {biomass_mg: 28.8339472971542}"
8b78db45-eb7a-4ed8-9075-d339eac838b2,DIOPSIS-231_Boer7_-_Drukdrainage_2,ede4a092-9d23-4183-863b-8503dbc32994,,2025-08-07T13:52:21,2025-08-07T13:52:21,detection,unknown,Caenidae,1,,,,object_19895,0.417191647129982,0.700344984266493,0.02502293658375998,0.033001098632812975,machine,Diopsis 2025,,0.49999988079071,"{body_length_mm: 3.77789043470294}, {biomass_mg: 0.989206741710113}"
ef31dfed-02b6-435f-ad23-0774e8867295,DIOPSIS-231_Boer7_-_Drukdrainage_2,ede4a092-9d23-4183-863b-8503dbc32994,,2025-08-07T13:52:21,2025-08-07T13:52:21,detection,animal,Chironomidae,1,,,,object_19896,0.549520145473576,0.639210815429688,0.02392598504017107,0.03171956380208296,machine,Diopsis 2025,,0.642439246177673,"{body_length_mm: 2.3464178950302}, {biomass_mg: 0.28267497157045}"
df45b91c-907e-4597-b393-e99adb29d3ce,DIOPSIS-231_Boer7_-_Drukdrainage_2,ede4a092-9d23-4183-863b-8503dbc32994,,2025-08-07T13:52:21,2025-08-07T13:52:21,detection,animal,Chironomidae,1,,,,object_19897,0.579373367640729,0.947833455403646,0.027285007483174972,0.035224134657117934,machine,Diopsis 2025,,0.839182734489441,"{body_length_mm: 6.12284375910639}, {biomass_mg: 3.5221521380967}"
c79d705a-1ac6-469d-8212-0113e5fbb844,DIOPSIS-231_Boer7_-_Drukdrainage_2,fc332160-0a2f-4e2f-9ac1-9bc1db3a599a,,2025-08-09T13:22:28,2025-08-09T13:22:28,detection,animal,Caenidae,1,,,,object_20197,0.821534374918484,0.744375135633681,0.022174357571864922,0.029628567165798092,machine,Diopsis 2025,,0.991004824638367,"{body_length_mm: 5.43754164736373}, {biomass_mg: 2.57768641717313}"
3bc0a574-cc49-46b6-a1bf-3ed69380f856,DIOPSIS-231_Boer7_-_Drukdrainage_2,2cacdf39-8861-46f7-9286-c69709d1c9c9,,2025-08-09T18:23:17,2025-08-09T18:23:17,detection,animal,Diptera,1,,,,object_20230,0.375827693779998,0.341283908420139,0.02141312486142305,0.028966471354167023,machine,Diopsis 2025,,0.543483197689056,"{body_length_mm: 5.88289635265978}, {biomass_mg: 2.09079613355068}"
ddf0edd6-9474-4b45-b571-65d8165e47b2,DIOPSIS-231_Boer7_-_Drukdrainage_2,77ccee31-1f71-4013-ad2c-982896b32364,,2025-08-10T15:16:47,2025-08-10T15:16:47,detection,animal,Caenidae,1,,,,object_20457,0.628477577375052,0.357957085503472,0.021952175337802915,0.030014648437500013,machine,Diopsis 2025,,0.995015680789948,"{body_length_mm: 6.69534547548711}, {biomass_mg: 4.45557975217018}"
fccfa0d5-ff9d-4180-aed9-e94953f8eb9a,DIOPSIS-231_Boer7_-_Drukdrainage_2,77ccee31-1f71-4013-ad2c-982896b32364,,2025-08-10T15:16:47,2025-08-10T15:16:47,detection,animal,Diptera,1,,,,object_20465,0.842834676446421,0.785478244357639,0.044736222154110994,0.06037143283420099,machine,Diopsis 2025,,0.899099767208099,"{body_length_mm: 6.62779161402862}, {biomass_mg: 2.72204702769633}"
893f6290-8851-4932-8102-90d303e7f189,DIOPSIS-231_Boer7_-_Drukdrainage_2,77ccee31-1f71-4013-ad2c-982896b32364,,2025-08-10T15:16:47,2025-08-10T15:16:47,detection,animal,Insecta,1,,,,object_20441,0.820039319275616,0.74220201280382,0.022574856205655025,0.02997565375433997,machine,Diopsis 2025,,0.735188961029053,"{body_length_mm: 4.8746085589542}, {biomass_mg: 1.38070643172052}"
d5bdd6e0-36eb-4182-a2ab-2664f7f32a85,DIOPSIS-231_Boer7_-_Drukdrainage_2,131a347f-1c7a-40c2-84e0-392dc294e37a,,2025-08-10T18:58:43,2025-08-10T18:58:43,detection,animal,Hymenoptera,1,,,,object_20512,0.390237110883047,0.568874715169271,0.027571867622795954,0.036387532552082935,machine,Diopsis 2025,,0.993133127689362,"{body_length_mm: 4.37989459809734}, {biomass_mg: 1.05658775003473}"
c8ca35ed-6639-4367-819e-cc0bda371b0c,DIOPSIS-231_Boer7_-_Drukdrainage_2,131a347f-1c7a-40c2-84e0-392dc294e37a,,2025-08-10T18:58:43,2025-08-10T18:58:43,detection,unknown,Hymenoptera,1,,,,object_20510,0.562245313233645,0.520996568467882,0.03134944960350594,0.04019978841145799,machine,Diopsis 2025,,0.499876171350479,"{body_length_mm: 6.20674994930334}, {biomass_mg: 1.89253733503873}"
6518d263-5235-4ebd-954e-c95868f13ef7,DIOPSIS-231_Boer7_-_Drukdrainage_2,82699a1d-461c-412f-9a7f-6887d9c18a2d,,2025-08-10T20:21:33,2025-08-10T20:21:33,detection,animal,Chironomidae,1,,,,object_20567,0.171817161802059,0.866743570963542,0.056035075243407007,0.07429138183593698,machine,Diopsis 2025,,0.999642670154572,"{body_length_mm: 5.71213164023512}, {biomass_mg: 2.9342731557089}"
744bf2d1-2e24-4e09-b671-681767ddf0ae,DIOPSIS-231_Boer7_-_Drukdrainage_2,82699a1d-461c-412f-9a7f-6887d9c18a2d,,2025-08-10T20:21:33,2025-08-10T20:21:33,detection,animal,Chironomidae,1,,,,object_20568,0.32080004251063,0.493561299641927,0.030773258368439027,0.040554945203993,machine,Diopsis 2025,,0.998335152864456,"{body_length_mm: 5.15310562388941}, {biomass_mg: 2.238014218466}"
3ef5376e-517e-4220-b1e8-86e6a304e966,DIOPSIS-231_Boer7_-_Drukdrainage_2,82699a1d-461c-412f-9a7f-6887d9c18a2d,,2025-08-10T20:21:33,2025-08-10T20:21:33,detection,animal,Chironomidae,1,,,,object_20555,0.510286105097037,0.797528754340278,0.056255920104471,0.07383612738715295,machine,Diopsis 2025,,0.999987006187439,"{body_length_mm: 12.8471518974227}, {biomass_mg: 24.7333699719364}"
6437182c-62b3-4a96-a883-ed782716c102,DIOPSIS-231_Boer7_-_Drukdrainage_2,82699a1d-461c-412f-9a7f-6887d9c18a2d,,2025-08-10T20:21:33,2025-08-10T20:21:33,detection,unknown,Chironomidae,1,,,,object_20561,0.599498207461655,0.791619194878472,0.05114537208824599,0.06907823350694497,machine,Diopsis 2025,,0.497322678565979,"{body_length_mm: 3.45187690942635}, {biomass_mg: 0.780201347087495}"
e6e076db-16ff-490b-a63d-442df25e8f3b,DIOPSIS-231_Boer7_-_Drukdrainage_2,82699a1d-461c-412f-9a7f-6887d9c18a2d,,2025-08-10T20:21:33,2025-08-10T20:21:33,detection,animal,Chironomidae,1,,,,object_20566,0.705134625824943,0.123199361165365,0.05111821704794395,0.06922064887152699,machine,Diopsis 2025,,0.998582601547241,"{body_length_mm: 4.45809522165209}, {biomass_mg: 1.52891738908234}"
2971741a-16d6-4c19-81a2-aff756ac148e,DIOPSIS-231_Boer7_-_Drukdrainage_2,b6d972c0-4f34-405b-ac45-e8c0c0ad55bb,,2025-08-11T14:43:41,2025-08-11T14:43:41,detection,animal,Caenidae,1,,,,object_20725,0.413066271748487,0.0013038380940755,0.023485849218098043,0.0313823615180121,machine,Diopsis 2025,,0.999471127986908,"{body_length_mm: 5.13160241773874}, {biomass_mg: 2.2135362956556}"
3e1e005c-7ad0-4f55-a5ee-34156347dfd1,DIOPSIS-231_Boer7_-_Drukdrainage_2,b6d972c0-4f34-405b-ac45-e8c0c0ad55bb,,2025-08-11T14:43:41,2025-08-11T14:43:41,detection,animal,Caenidae,1,,,,object_20747,0.629093278429544,0.357270914713542,0.022018254300787965,0.029573974609374998,machine,Diopsis 2025,,0.999721825122833,"{body_length_mm: 2.97016966693872}, {biomass_mg: 0.525455527105804}"
2a52449b-dfcc-4f31-bd02-f9132352e225,DIOPSIS-231_Boer7_-_Drukdrainage_2,b6d972c0-4f34-405b-ac45-e8c0c0ad55bb,,2025-08-11T14:43:41,2025-08-11T14:43:41,detection,animal,Caenidae,1,,,,object_20732,0.820546094483645,0.741082288953993,0.02260567946903702,0.030106540256077063,machine,Diopsis 2025,,0.775066673755646,"{body_length_mm: 2.47852841542925}, {biomass_mg: 0.326475967648191}"
21ee1b87-b4fc-4541-abda-f4a95c756e2b,DIOPSIS-231_Boer7_-_Drukdrainage_2,b4fab02f-d75f-40d9-930b-b0d2bdf58278,,2025-08-11T18:55:22,2025-08-11T18:55:22,detection,animal,Caenidae,1,,,,object_20786,0.412996779300136,0.0016228251987033,0.023763105745904012,0.031797546810574,machine,Diopsis 2025,,0.999972105026245,"{body_length_mm: 4.24581060606231}, {biomass_mg: 1.34479993349211}"
ebdfc21a-b34c-4883-b4ba-1c6234900eaf,DIOPSIS-231_Boer7_-_Drukdrainage_2,b4fab02f-d75f-40d9-930b-b0d2bdf58278,,2025-08-11T18:55:22,2025-08-11T18:55:22,detection,animal,Too small for identification,1,,,,object_20787,0.962005971867174,0.367835083007813,0.025747054009287007,0.03418836805555503,machine,Diopsis 2025,,0.659716069698334,"{body_length_mm: 4.70516293750405}, {biomass_mg: 1.76194614608955}"
2eeac71e-4416-487c-a6b5-16d995887d86,DIOPSIS-231_Boer7_-_Drukdrainage_2,6edc365b-97f4-4472-a6ae-bcd43ab4fa8a,,2025-08-11T20:09:16,2025-08-11T20:09:16,detection,unknown,Caenidae,1,,,,object_20848,0.406594812969533,0.71899407280816,0.04787815711733101,0.06429511176215308,machine,Diopsis 2025,,0.333319306373596,"{body_length_mm: 1.62390586449269}, {biomass_mg: 0.107373297497144}"
450307f9-a79d-4f30-addc-f174abae73b5,DIOPSIS-231_Boer7_-_Drukdrainage_2,6edc365b-97f4-4472-a6ae-bcd43ab4fa8a,,2025-08-11T20:09:16,2025-08-11T20:09:16,detection,animal,Chironomidae,1,,,,object_20851,0.317193134798231,0.588570217556424,0.046683972188347966,0.06197781032986094,machine,Diopsis 2025,,0.992980718612671,"{body_length_mm: 3.47891628571373}, {biomass_mg: 0.796377383055436}"
f1b670db-1a65-4db2-a487-7300744a641f,DIOPSIS-231_Boer7_-_Drukdrainage_2,6edc365b-97f4-4472-a6ae-bcd43ab4fa8a,,2025-08-11T20:09:16,2025-08-11T20:09:16,detection,animal,Chironomidae,1,,,,object_20845,0.580999460363627,0.575923529730903,0.049573589445951916,0.06688646104600704,machine,Diopsis 2025,,0.933242321014404,"{body_length_mm: 7.07347537433862}, {biomass_mg: 5.14820271703181}"
9a3c98b9-b123-429c-9e81-c65337622948,DIOPSIS-231_Boer7_-_Drukdrainage_2,6edc365b-97f4-4472-a6ae-bcd43ab4fa8a,,2025-08-11T20:09:16,2025-08-11T20:09:16,detection,animal,Chironomidae,1,,,,object_20850,0.622723358103349,0.265504082573785,0.048395733204430025,0.06440528021918401,machine,Diopsis 2025,,0.881628394126892,"{body_length_mm: 9.69554192865407}, {biomass_mg: 11.7979309032227}"
dfd244ff-d155-4be9-91e1-e415b08a8b84,DIOPSIS-231_Boer7_-_Drukdrainage_2,6edc365b-97f4-4472-a6ae-bcd43ab4fa8a,,2025-08-11T20:09:16,2025-08-11T20:09:16,detection,unknown,Too small for identification,1,,,,object_20849,0.742276861990036,0.879345499674479,0.049066100972323,0.06609497070312509,machine,Diopsis 2025,,1.0,"{body_length_mm: 1.82358948933621}, {biomass_mg: 0.145666429827056}"
8723fb8c-b741-4c62-9e5b-da3ee75c970a,DIOPSIS-231_Boer7_-_Drukdrainage_2,361770e4-1dba-4c4c-b913-939d57122ba3,,2025-08-11T21:16:03,2025-08-11T21:16:03,detection,animal,Caenidae,1,,,,object_20957,0.413411899878704,0.0031572638617621,0.022846712293926985,0.0306890021430122,machine,Diopsis 2025,,0.999996185302734,"{body_length_mm: 4.06358547659972}, {biomass_mg: 1.19826527891555}"
93a28b62-16c3-4e25-8d64-0bdb9fbf6731,DIOPSIS-231_Boer7_-_Drukdrainage_2,361770e4-1dba-4c4c-b913-939d57122ba3,,2025-08-11T21:16:03,2025-08-11T21:16:03,detection,animal,Caenidae,1,,,,object_20949,0.489089430871113,0.795285237630208,0.05393011382903801,0.07218221028645899,machine,Diopsis 2025,,0.98858231306076,"{body_length_mm: 1.55506445653593}, {biomass_mg: 0.0958119178738935}"
6c3f9794-d82a-4ce8-b284-24fd8889f9e9,DIOPSIS-231_Boer7_-_Drukdrainage_2,361770e4-1dba-4c4c-b913-939d57122ba3,,2025-08-11T21:16:03,2025-08-11T21:16:03,detection,unknown,Chironomidae,1,,,,object_20920,0.325268320328803,0.918128865559896,0.05274960831529102,0.06919060601128502,machine,Diopsis 2025,,0.499880284070969,"{body_length_mm: 24.6791608591799}, {biomass_mg: 137.705148241287}"
113e9873-54c3-40fa-be11-6d8857b52513,DIOPSIS-231_Boer7_-_Drukdrainage_2,361770e4-1dba-4c4c-b913-939d57122ba3,,2025-08-11T21:16:03,2025-08-11T21:16:03,detection,animal,Chironomidae,1,,,,object_20948,0.44877061541371,0.954577365451389,0.04307253014464302,0.04542263454861095,machine,Diopsis 2025,,0.994486272335052,"{body_length_mm: 3.28909644713525}, {biomass_mg: 0.687120230423563}"
03b6c504-51c2-415d-8387-f485697b7b2f,DIOPSIS-231_Boer7_-_Drukdrainage_2,361770e4-1dba-4c4c-b913-939d57122ba3,,2025-08-11T21:16:03,2025-08-11T21:16:03,detection,animal,Chironomidae,1,,,,object_20946,0.644767901336211,0.653378567165799,0.05494646635994904,0.07274420844184004,machine,Diopsis 2025,,0.999697208404541,"{body_length_mm: 6.28331623256367}, {biomass_mg: 3.77014547853277}"
4e80158d-9364-44e8-8118-118734c2f992,DIOPSIS-231_Boer7_-_Drukdrainage_2,361770e4-1dba-4c4c-b913-939d57122ba3,,2025-08-11T21:16:03,2025-08-11T21:16:03,detection,animal,Chironomidae,1,,,,object_20958,0.773106340971932,0.18699951171875,0.054447944653851055,0.07287907918294301,machine,Diopsis 2025,,0.999858021736145,"{body_length_mm: 5.21205372196189}, {biomass_mg: 2.30597512510848}"
896247e4-06f8-4296-8652-cc8e2563b2e9,DIOPSIS-231_Boer7_-_Drukdrainage_2,361770e4-1dba-4c4c-b913-939d57122ba3,,2025-08-11T21:16:03,2025-08-11T21:16:03,detection,animal,Chironomidae,1,,,,object_20950,0.900558242415745,0.196915317111545,0.05119820469010905,0.06705569797092001,machine,Diopsis 2025,,0.997310876846314,"{body_length_mm: 8.46275332382076}, {biomass_mg: 8.25043749610597}"
9598176e-5ea9-46b2-8e19-afd38fe1382f,DIOPSIS-231_Boer7_-_Drukdrainage_2,361770e4-1dba-4c4c-b913-939d57122ba3,,2025-08-11T21:16:03,2025-08-11T21:16:03,detection,animal,Crambidae,1,,,,object_20951,0.61512274893377,0.434837002224392,0.04374442633882003,0.058126797146268006,machine,Diopsis 2025,,0.993767380714416,"{body_length_mm: 15.0789141349499}, {biomass_mg: 37.6907286997072}"
62df9785-f667-4980-9afe-4d6f60832098,DIOPSIS-231_Boer7_-_Drukdrainage_2,7f75d30f-bc70-4504-904a-a78b01ea039b,,2025-08-11T21:31:56,2025-08-11T21:31:56,detection,animal,Chironomidae,1,,,,object_20960,0.285467208327356,0.89973883734809,0.050596947263994,0.06731275770399303,machine,Diopsis 2025,,0.998956918716431,"{body_length_mm: 7.18289478943362}, {biomass_mg: 5.36029823340202}"
3fe2f558-39a0-479a-b6d0-114f3e24bd62,DIOPSIS-231_Boer7_-_Drukdrainage_2,7f75d30f-bc70-4504-904a-a78b01ea039b,,2025-08-11T21:31:56,2025-08-11T21:31:56,detection,animal,Chironomidae,1,,,,object_20991,0.771192700317587,0.955533379448785,0.04563646523502696,0.044466620551214975,machine,Diopsis 2025,,0.920724213123322,"{body_length_mm: 8.69699395735407}, {biomass_mg: 8.86466172138974}"
aaa06022-48f7-4d15-af5e-1f61d1cd208e,DIOPSIS-231_Boer7_-_Drukdrainage_2,7f75d30f-bc70-4504-904a-a78b01ea039b,,2025-08-11T21:31:56,2025-08-11T21:31:56,detection,unknown,Crambidae,1,,,,object_20979,0.130348804200034,0.818966810438368,0.04508113701872901,0.059934014214409914,machine,Diopsis 2025,,0.495393097400665,"{body_length_mm: 3.98150022145705}, {biomass_mg: 1.13564918093625}"
48cf756b-6a1f-4e50-b8b7-9c618267dd47,DIOPSIS-231_Boer7_-_Drukdrainage_2,7f75d30f-bc70-4504-904a-a78b01ea039b,,2025-08-11T21:31:56,2025-08-11T21:31:56,detection,animal,Crambidae,1,,,,object_20992,0.788036925963846,0.661088595920139,0.051349213206906996,0.06860595703124994,machine,Diopsis 2025,,0.999014258384705,"{body_length_mm: 12.4500392459265}, {biomass_mg: 22.7730001759066}"
7f77204f-bbf0-4e9d-b92b-bc70d3e64643,DIOPSIS-231_Boer7_-_Drukdrainage_2,7f75d30f-bc70-4504-904a-a78b01ea039b,,2025-08-11T21:31:56,2025-08-11T21:31:56,detection,unknown,Too small for identification,1,,,,object_20967,0.305221200984388,0.753709309895833,0.048831385642738034,0.06543111165364601,machine,Diopsis 2025,,1.0,"{body_length_mm: 2.52120304823835}, {biomass_mg: 0.341467858268786}"
4ab67910-c661-41fa-bd51-20beeaec4965,DIOPSIS-231_Boer7_-_Drukdrainage_2,52343ffe-daf3-4b0e-92d8-63b800f4ef9a,,2025-08-11T21:56:53,2025-08-11T21:56:53,detection,animal,Caenidae,1,,,,object_21093,0.427134926211655,0.604297960069445,0.050503585891851,0.06739854600694395,machine,Diopsis 2025,,0.999691009521484,"{body_length_mm: 2.95313659156556}, {biomass_mg: 0.517567445053136}"
f435bdff-8233-4943-b809-ffe4e51d411d,DIOPSIS-231_Boer7_-_Drukdrainage_2,52343ffe-daf3-4b0e-92d8-63b800f4ef9a,,2025-08-11T21:56:53,2025-08-11T21:56:53,detection,animal,Chironomidae,1,,,,object_21107,0.0004861494137568,0.0231864547729492,0.0235235201496512,0.0316852103339301,machine,Diopsis 2025,,0.986850500106812,"{body_length_mm: 5.47297553672867}, {biomass_mg: 2.62209895797448}"
2567fa66-30a6-4c37-bb1a-373fedb09ec5,DIOPSIS-231_Boer7_-_Drukdrainage_2,52343ffe-daf3-4b0e-92d8-63b800f4ef9a,,2025-08-11T21:56:53,2025-08-11T21:56:53,detection,animal,Chironomidae,1,,,,object_20960,0.121091049780233,0.931655612521701,0.045878962801772005,0.06165588378906295,machine,Diopsis 2025,,0.999680995941162,"{body_length_mm: 8.97458395945099}, {biomass_mg: 9.62828482347839}"
7c455f6b-0aca-463f-bcb5-e96b84dc1340,DIOPSIS-231_Boer7_-_Drukdrainage_2,52343ffe-daf3-4b0e-92d8-63b800f4ef9a,,2025-08-11T21:56:53,2025-08-11T21:56:53,detection,animal,Chironomidae,1,,,,object_21073,0.4403545398744,0.871035563151042,0.049964560889243004,0.06585503472222198,machine,Diopsis 2025,,0.999945640563965,"{body_length_mm: 10.8126767539794}, {biomass_mg: 15.7168541528833}"
20701388-04ef-4046-8fe4-a843a2a86f20,DIOPSIS-231_Boer7_-_Drukdrainage_2,52343ffe-daf3-4b0e-92d8-63b800f4ef9a,,2025-08-11T21:56:53,2025-08-11T21:56:53,detection,animal,Chironomidae,1,,,,object_21100,0.508546501248826,0.859985148111979,0.05520212112961698,0.07376478407118103,machine,Diopsis 2025,,0.999980926513672,"{body_length_mm: 11.8414174777609}, {biomass_mg: 19.9605712724765}"
10f80abf-7561-4a3b-b7c8-0514d325fd37,DIOPSIS-231_Boer7_-_Drukdrainage_2,52343ffe-daf3-4b0e-92d8-63b800f4ef9a,,2025-08-11T21:56:53,2025-08-11T21:56:53,detection,animal,Chironomidae,1,,,,object_21096,0.61511047057596,0.106233003404405,0.043786712799327,0.058613696628147,machine,Diopsis 2025,,0.999768674373627,"{body_length_mm: 4.54504142447995}, {biomass_mg: 1.60859157312894}"
d70fa995-04b6-403c-9983-c862092b6b1a,DIOPSIS-231_Boer7_-_Drukdrainage_2,52343ffe-daf3-4b0e-92d8-63b800f4ef9a,,2025-08-11T21:56:53,2025-08-11T21:56:53,detection,animal,Chironomidae,1,,,,object_21033,0.7609581031863,0.935989244249132,0.052750015895632996,0.06401075575086801,machine,Diopsis 2025,,0.999645233154297,"{body_length_mm: 6.62528679982269}, {biomass_mg: 4.33400662774823}"
bb1261fd-7887-4178-831d-3278a3020c4f,DIOPSIS-231_Boer7_-_Drukdrainage_2,52343ffe-daf3-4b0e-92d8-63b800f4ef9a,,2025-08-11T21:56:53,2025-08-11T21:56:53,detection,animal,Caenidae,1,,,,object_21108,0.468781434633895,0.103760969373915,0.04388244323221002,0.05924341837565099,machine,Diopsis 2025,,0.936183869838715,"{body_length_mm: 14.4004460678513}, {biomass_mg: 33.3925811504305}"
dc6aa379-fa97-48de-98c7-0a7ef97e276f,DIOPSIS-231_Boer7_-_Drukdrainage_2,52343ffe-daf3-4b0e-92d8-63b800f4ef9a,,2025-08-11T21:56:53,2025-08-11T21:56:53,detection,animal,Crambidae,1,,,,object_21105,0.540929523652702,0.400563524034288,0.05329423754760598,0.07072492811414999,machine,Diopsis 2025,,0.641080379486084,"{body_length_mm: 14.7080893857605}, {biomass_mg: 35.3015862052942}"
3f31cb4c-7408-4dc8-80d8-999280306ccd,DIOPSIS-231_Boer7_-_Drukdrainage_2,52343ffe-daf3-4b0e-92d8-63b800f4ef9a,,2025-08-11T21:56:53,2025-08-11T21:56:53,detection,animal,Crambidae,1,,,,object_21099,0.908079322471046,0.591104736328125,0.05187550132382002,0.06959262424045098,machine,Diopsis 2025,,0.70781797170639,"{body_length_mm: 9.69964221737804}, {biomass_mg: 11.8110575446311}"
d328679c-a6b2-4319-8a9c-1305ae11da92,DIOPSIS-231_Boer7_-_Drukdrainage_2,52343ffe-daf3-4b0e-92d8-63b800f4ef9a,,2025-08-11T21:56:53,2025-08-11T21:56:53,detection,animal,Hymenoptera,1,,,,object_21109,0.30343289128528,0.256247372097439,0.03139586281497797,0.04147747463650203,machine,Diopsis 2025,,0.998905539512634,"{body_length_mm: 5.70071691367601}, {biomass_mg: 1.50476369658741}"
d6f68f6b-2c1a-44f1-8eb6-3d6e1693afbe,DIOPSIS-231_Boer7_-_Drukdrainage_2,52343ffe-daf3-4b0e-92d8-63b800f4ef9a,,2025-08-11T21:56:53,2025-08-11T21:56:53,detection,unknown,Miridae,1,,,,object_21088,0.633278109593463,0.493823886447483,0.050654747251278054,0.06699879964192701,machine,Diopsis 2025,,0.49989053606987,"{body_length_mm: 9.32493673828484}, {biomass_mg: 10.6485372977097}"
38aa883d-e1a5-484b-8a92-53625058ccda,DIOPSIS-231_Boer7_-_Drukdrainage_2,432ab4b3-22fc-4d1e-9e89-4e8b1225dae4,,2025-08-12T20:37:55,2025-08-12T20:37:55,detection,animal,Caenidae,1,,,,object_21674,0.776813386079664,0.0,0.046278964697020974,0.0562521362304687,machine,Diopsis 2025,,0.65869132677714,"{body_length_mm: 5.45722787277718}, {biomass_mg: 2.60230291257475}"
2e594096-38a8-4b91-852e-f6ad30cfea3e,DIOPSIS-231_Boer7_-_Drukdrainage_2,432ab4b3-22fc-4d1e-9e89-4e8b1225dae4,,2025-08-12T20:37:55,2025-08-12T20:37:55,detection,animal,Chironomidae,1,,,,object_21658,0.329852350964172,0.236343010796441,0.05838241959255003,0.07704332139756903,machine,Diopsis 2025,,0.574699699878693,"{body_length_mm: 6.35236210171634}, {biomass_mg: 3.88008242900311}"
885935a7-032e-4bb4-a7ca-2d350a707551,DIOPSIS-231_Boer7_-_Drukdrainage_2,432ab4b3-22fc-4d1e-9e89-4e8b1225dae4,,2025-08-12T20:37:55,2025-08-12T20:37:55,detection,animal,Chironomidae,1,,,,object_21675,0.701317024549379,0.453885531955295,0.05754214176948591,0.07625006781683996,machine,Diopsis 2025,,0.999411225318909,"{body_length_mm: 9.31034276634587}, {biomass_mg: 10.6047629989521}"
5343f876-3427-4ba3-bd0c-8c92895fb2e2,DIOPSIS-231_Boer7_-_Drukdrainage_2,432ab4b3-22fc-4d1e-9e89-4e8b1225dae4,,2025-08-12T20:37:55,2025-08-12T20:37:55,detection,unknown,Chironomidae,1,,,,object_21653,0.845801759442821,0.318609144422743,0.06692285808378606,0.08645358615451398,machine,Diopsis 2025,,0.499608337879181,"{body_length_mm: 24.2281964712846}, {biomass_mg: 131.185463167615}"
4a7be2f1-9cd1-484d-a7e9-e035ea7f2737,DIOPSIS-231_Boer7_-_Drukdrainage_2,432ab4b3-22fc-4d1e-9e89-4e8b1225dae4,,2025-08-12T20:37:55,2025-08-12T20:37:55,detection,unknown,Coleoptera,1,,,,object_21644,0.405362621173636,0.755632188585069,0.030092904882160043,0.039492255316840974,machine,Diopsis 2025,,0.459450215101242,"{body_length_mm: 5.55807333080862}, {biomass_mg: 3.70390697253439}"
caa635a8-38f0-4407-a504-b18229e4346b,DIOPSIS-231_Boer7_-_Drukdrainage_2,432ab4b3-22fc-4d1e-9e89-4e8b1225dae4,,2025-08-12T20:37:55,2025-08-12T20:37:55,detection,animal,Crambidae,1,,,,object_21616,0.665635556330864,0.230425499810113,0.05074135807400393,0.06707287258571998,machine,Diopsis 2025,,0.998646318912506,"{body_length_mm: 14.0760223104719}, {biomass_mg: 31.4502074216281}"
63bceb65-b7ff-4148-a7d5-6da4b8c5f771,DIOPSIS-231_Boer7_-_Drukdrainage_2,432ab4b3-22fc-4d1e-9e89-4e8b1225dae4,,2025-08-12T20:37:55,2025-08-12T20:37:55,detection,unknown,Lepidoptera,1,,,,object_21665,0.568429631661493,0.319418063693576,0.05922208604510104,0.07985019259982701,machine,Diopsis 2025,,0.484092026948929,"{body_length_mm: 2.72163718947115}, {biomass_mg: 0.98872915986082}"
a72270de-c942-4d4d-b3fb-752939450b4b,DIOPSIS-231_Boer7_-_Drukdrainage_2,005668b3-c835-45fe-b948-2034593da30a,,2025-08-12T20:45:41,2025-08-12T20:45:41,detection,unknown,Caenidae,1,,,,object_21728,0.888923148280989,0.0991323513454861,0.032049163156041005,0.04319218953450489,machine,Diopsis 2025,,0.484404146671295,"{body_length_mm: 6.49873347803754}, {biomass_mg: 4.11965459518981}"
40f049b7-8bfe-4df3-9224-c807dbd3d360,DIOPSIS-231_Boer7_-_Drukdrainage_2,005668b3-c835-45fe-b948-2034593da30a,,2025-08-12T20:45:41,2025-08-12T20:45:41,detection,animal,Chironomidae,1,,,,object_21719,0.0520387054086726,0.464162902832031,0.0533036182639194,0.07168524848090296,machine,Diopsis 2025,,0.998665809631348,"{body_length_mm: 17.2245467371511}, {biomass_mg: 53.479824667223}"
05503269-7e54-4616-8eca-70d3bdb5d3d5,DIOPSIS-231_Boer7_-_Drukdrainage_2,005668b3-c835-45fe-b948-2034593da30a,,2025-08-12T20:45:41,2025-08-12T20:45:41,detection,animal,Chironomidae,1,,,,object_21711,0.329381544721345,0.23400136311849,0.05594348429837498,0.07338094075520801,machine,Diopsis 2025,,0.789757996797562,"{body_length_mm: 8.33860094170264}, {biomass_mg: 7.93590290280823}"
f7eb73da-025a-49b4-9d61-8d0bad5d3aac,DIOPSIS-231_Boer7_-_Drukdrainage_2,005668b3-c835-45fe-b948-2034593da30a,,2025-08-12T20:45:41,2025-08-12T20:45:41,detection,animal,Chironomidae,1,,,,object_21716,0.410326491214198,0.408563368055556,0.04928474235216301,0.06399926079644103,machine,Diopsis 2025,,0.99530953168869,"{body_length_mm: 8.7700937189914}, {biomass_mg: 9.0619652208916}"
ae153dcf-ce0d-48a1-99dd-ddb15ad50309,DIOPSIS-231_Boer7_-_Drukdrainage_2,005668b3-c835-45fe-b948-2034593da30a,,2025-08-12T20:45:41,2025-08-12T20:45:41,detection,animal,Chironomidae,1,,,,object_21729,0.662522253886686,0.12105963812934,0.03185006015885905,0.042867567274306004,machine,Diopsis 2025,,0.999701201915741,"{body_length_mm: 6.49388019894147}, {biomass_mg: 4.11156812995502}"
44a10e91-deb4-424c-bd2e-9b2543c0a792,DIOPSIS-231_Boer7_-_Drukdrainage_2,005668b3-c835-45fe-b948-2034593da30a,,2025-08-12T20:45:41,2025-08-12T20:45:41,detection,animal,Chironomidae,1,,,,object_21694,0.826033297683639,0.324732767740885,0.06554778390416405,0.085350341796875,machine,Diopsis 2025,,0.99979430437088,"{body_length_mm: 19.7195590632722}, {biomass_mg: 76.3309890959517}"
e2ec4e72-7b19-47eb-bd58-66656b8232f5,DIOPSIS-231_Boer7_-_Drukdrainage_2,005668b3-c835-45fe-b948-2034593da30a,,2025-08-12T20:45:41,2025-08-12T20:45:41,detection,animal,Chironomidae,1,,,,object_21721,0.934400453392373,0.918948838975694,0.05378389438125997,0.07048326280382,machine,Diopsis 2025,,0.998236179351807,"{body_length_mm: 6.12852325357526}, {biomass_mg: 3.53075115146171}"
38c3fc7d-9a98-45a3-881e-19c8208d62b2,DIOPSIS-231_Boer7_-_Drukdrainage_2,005668b3-c835-45fe-b948-2034593da30a,,2025-08-12T20:45:41,2025-08-12T20:45:41,detection,animal,Chironomidae,1,,,,object_21725,0.935669250997757,0.243185543484158,0.05561291116704903,0.07295015123155402,machine,Diopsis 2025,,0.999952912330627,"{body_length_mm: 12.2888892509522}, {biomass_mg: 22.0059170953433}"
91125735-ee09-4c86-b229-3734af3abe2c,DIOPSIS-231_Boer7_-_Drukdrainage_2,005668b3-c835-45fe-b948-2034593da30a,,2025-08-12T20:45:41,2025-08-12T20:45:41,detection,animal,Chironomidae,1,,,,object_21678,0.940832784458472,0.640625542534722,0.058615555548309994,0.07804673936632,machine,Diopsis 2025,,0.983342528343201,"{body_length_mm: 3.38862714865631}, {biomass_mg: 0.743162542358156}"
1c7fdf0c-de9a-4c42-9977-131ec3cc9826,DIOPSIS-231_Boer7_-_Drukdrainage_2,005668b3-c835-45fe-b948-2034593da30a,,2025-08-12T20:45:41,2025-08-12T20:45:41,detection,unknown,Crambidae,1,,,,object_21718,0.849648298922684,0.828424072265625,0.049435215919761966,0.06693223741319398,machine,Diopsis 2025,,0.476615637540817,"{body_length_mm: 18.4642908923192}, {biomass_mg: 64.2060689667608}"
7bccaa1b-0a45-4d77-a9e4-a1846c687ca5,DIOPSIS-231_Boer7_-_Drukdrainage_2,005668b3-c835-45fe-b948-2034593da30a,,2025-08-12T20:45:41,2025-08-12T20:45:41,detection,unknown,Lepidoptera,1,,,,object_21730,0.488984427985445,0.909243774414062,0.03078072218345601,0.03925130208333394,machine,Diopsis 2025,,0.359553903341293,"{body_length_mm: 4.19047322948944}, {biomass_mg: 0.98872915986082}"
e9e137b2-7f65-4057-81e3-39ebc67d0579,DIOPSIS-231_Boer7_-_Drukdrainage_2,005668b3-c835-45fe-b948-2034593da30a,,2025-08-12T20:45:41,2025-08-12T20:45:41,detection,unknown,Chironomidae,1,,,,object_21731,0.647526150354758,0.520242377387153,0.03339219133125493,0.04558458116319408,machine,Diopsis 2025,,0.365993976593018,"{body_length_mm: 4.07144770303648}, {biomass_mg: 1.20437230019009}"
d12333c3-da2e-40b4-8b66-0ee702f18e35,DIOPSIS-231_Boer4_-_Controle_1,91de2e7f-e9ed-4ebe-bc32-23789e077242,,2025-08-13T15:25:35,2025-08-13T15:25:35,detection,unknown,Caenidae,1,,,,object_22065,0.49580671154398,0.575480346679688,0.03115238450803398,0.040652533637152044,machine,Diopsis 2025,,0.498655140399933,"{body_length_mm: 11.0442444486032}, {biomass_mg: 16.6176253145221}"
ce94a972-1eb9-44d2-bfe9-c4737db0a92d,DIOPSIS-231_Boer4_-_Controle_1,5eb6c729-dafa-419e-8dd1-e01421ecae7d,,2025-08-13T22:31:54,2025-08-13T22:31:54,detection,animal,Caenidae,1,,,,object_22727,0.239280586051623,0.619585978190104,0.020807919000743025,0.027567884657118014,machine,Diopsis 2025,,0.999990979830424,"{body_length_mm: 4.17302482846993}, {biomass_mg: 1.28501235207611}"
09e400e7-0e1f-4a85-bfe9-631bf5cd676f,DIOPSIS-231_Boer4_-_Controle_1,5eb6c729-dafa-419e-8dd1-e01421ecae7d,,2025-08-13T22:31:54,2025-08-13T22:31:54,detection,unknown,Caenidae,1,,,,object_22659,0.383438950986018,0.006025153266059,0.04653365146337701,0.0624207644992404,machine,Diopsis 2025,,0.499939093987147,"{body_length_mm: 4.94980305226949}, {biomass_mg: 2.01320259737146}"
28e137b7-236f-4ad7-88e0-7f7123f67ab2,DIOPSIS-231_Boer4_-_Controle_1,5eb6c729-dafa-419e-8dd1-e01421ecae7d,,2025-08-13T22:31:54,2025-08-13T22:31:54,detection,animal,Caenidae,1,,,,object_22717,0.481174730100297,0.968528306749132,0.02246205834594206,0.028947889539929994,machine,Diopsis 2025,,0.96503072977066,"{body_length_mm: 5.31772350794113}, {biomass_mg: 2.43097215461275}"
446dd6c2-c91c-49d5-b177-01dc5343baa6,DIOPSIS-231_Boer4_-_Controle_1,5eb6c729-dafa-419e-8dd1-e01421ecae7d,,2025-08-13T22:31:54,2025-08-13T22:31:54,detection,animal,Chironomidae,1,,,,object_22723,0.572397579135799,0.243288302951389,0.04846303490844095,0.06470004611545097,machine,Diopsis 2025,,0.999088317155838,"{body_length_mm: 2.01864188161162}, {biomass_mg: 0.190294904678212}"
e6c89b90-da00-4ed5-87c8-a32ecc5e436d,DIOPSIS-231_Boer4_-_Controle_1,5eb6c729-dafa-419e-8dd1-e01421ecae7d,,2025-08-13T22:31:54,2025-08-13T22:31:54,detection,animal,Crambidae,1,,,,object_22734,0.0185989640988969,0.823050537109375,0.044376567528522495,0.058818088107639,machine,Diopsis 2025,,0.97890043258667,"{body_length_mm: 11.9437290775277}, {biomass_mg: 20.4173468409099}"
37d45f8b-db43-4f86-a5d7-2d62f06c557e,DIOPSIS-231_Boer4_-_Controle_1,5eb6c729-dafa-419e-8dd1-e01421ecae7d,,2025-08-13T22:31:54,2025-08-13T22:31:54,detection,animal,Crambidae,1,,,,object_22728,0.0804269055094265,0.400605672200521,0.04369789212693351,0.05808824327256901,machine,Diopsis 2025,,0.991040170192718,"{body_length_mm: 15.4977584737992}, {biomass_mg: 40.5068461966204}"
8d2aeb9a-8d66-42b0-b53e-a6259a6c5e18,DIOPSIS-231_Boer4_-_Controle_1,5eb6c729-dafa-419e-8dd1-e01421ecae7d,,2025-08-13T22:31:54,2025-08-13T22:31:54,detection,animal,Crambidae,1,,,,object_22660,0.265573644876878,0.524246826171875,0.04652781796972799,0.06205227322048601,machine,Diopsis 2025,,0.979530930519104,"{body_length_mm: 16.3372478385181}, {biomass_mg: 46.5352182300722}"
a76a41ed-1c0b-455f-8268-972e924a01f4,DIOPSIS-231_Boer4_-_Controle_1,5eb6c729-dafa-419e-8dd1-e01421ecae7d,,2025-08-13T22:31:54,2025-08-13T22:31:54,detection,animal,Crambidae,1,,,,object_22739,0.696277344565161,0.946846381293403,0.04656294630047397,0.05315361870659696,machine,Diopsis 2025,,0.709481060504913,"{body_length_mm: 15.5967335101252}, {biomass_mg: 41.1907556115391}"
d38172ed-cdd3-4e25-b119-11f6d440c38a,DIOPSIS-231_Boer4_-_Controle_1,5eb6c729-dafa-419e-8dd1-e01421ecae7d,,2025-08-13T22:31:54,2025-08-13T22:31:54,detection,animal,Crambidae,1,,,,object_22741,0.797118580202029,0.506120266384549,0.05124421032123905,0.06777262369791603,machine,Diopsis 2025,,0.999019742012024,"{body_length_mm: 11.4264765608855}, {biomass_mg: 18.1731700663305}"
b818ce3c-759f-4de2-83dc-683cefc8852c,DIOPSIS-231_Boer4_-_Controle_1,5eb6c729-dafa-419e-8dd1-e01421ecae7d,,2025-08-13T22:31:54,2025-08-13T22:31:54,detection,animal,Diptera,1,,,,object_22738,0.77116875497248,0.757425333658854,0.03886981639320797,0.05371520996093804,machine,Diopsis 2025,,0.897831380367279,"{body_length_mm: 4.31378059904634}, {biomass_mg: 1.05231858536615}"
ccdb9261-d1de-48e7-94d0-7c5d37b150d0,DIOPSIS-231_Boer4_-_Controle_1,5eb6c729-dafa-419e-8dd1-e01421ecae7d,,2025-08-13T22:31:54,2025-08-13T22:31:54,detection,animal,Lepidoptera,1,,,,object_22730,0.571862426146442,0.0,0.049560394032372,0.0379226642184787,machine,Diopsis 2025,,0.847891271114349,"{body_length_mm: 13.4724778816423}, {biomass_mg: 21.8287073974212}"
db921208-7600-4eb9-820d-03aca49d50ed,DIOPSIS-231_Boer4_-_Controle_1,5eb6c729-dafa-419e-8dd1-e01421ecae7d,,2025-08-13T22:31:54,2025-08-13T22:31:54,detection,unknown,Too small for identification,1,,,,object_22640,0.411975892437917,0.695900268554688,0.022659378179127,0.030115627712672954,machine,Diopsis 2025,,1.0,"{body_length_mm: 2.01859627707717}, {biomass_mg: 0.190283598296094}"
b11ed937-88fa-428b-a8cb-b6f26dd7427d,DIOPSIS-231_Boer4_-_Controle_1,20890c2e-45d0-4d03-8565-bec12e1a7f96,,2025-08-13T23:09:45,2025-08-13T23:09:45,detection,animal,Caenidae,1,,,,object_22942,0.239121527823065,0.620067952473958,0.02101509718345601,0.02785712348090308,machine,Diopsis 2025,,0.999963819980621,"{body_length_mm: 3.97570134163873}, {biomass_mg: 1.13130426234723}"
cd86d5f4-af48-48d3-8910-bf413480993a,DIOPSIS-231_Boer4_-_Controle_1,20890c2e-45d0-4d03-8565-bec12e1a7f96,,2025-08-13T23:09:45,2025-08-13T23:09:45,detection,animal,Chironomidae,1,,,,object_22969,0.338748148566295,0.859571940104167,0.023489797652664013,0.03061923556857593,machine,Diopsis 2025,,0.999901175498962,"{body_length_mm: 6.86875829965433}, {biomass_mg: 4.76552784577059}"
8c755e01-7dbf-40c2-bc6f-69bf181fdd6e,DIOPSIS-231_Boer4_-_Controle_1,20890c2e-45d0-4d03-8565-bec12e1a7f96,,2025-08-13T23:09:45,2025-08-13T23:09:45,detection,animal,Crambidae,1,,,,object_22838,0.0128475978895897,0.529222446017795,0.0431026815373034,0.056236741807725976,machine,Diopsis 2025,,0.917441487312317,"{body_length_mm: 9.53362712297445}, {biomass_mg: 11.2867841732108}"
6bd35b17-b59e-4142-b952-078e157bbee9,DIOPSIS-231_Boer4_-_Controle_1,20890c2e-45d0-4d03-8565-bec12e1a7f96,,2025-08-13T23:09:45,2025-08-13T23:09:45,detection,animal,Crambidae,1,,,,object_22956,0.404598484453255,0.162189297146267,0.04844454095041295,0.06485366821289099,machine,Diopsis 2025,,0.985948324203491,"{body_length_mm: 12.0220800201785}, {biomass_mg: 20.7714895020601}"
ea00a969-4f9d-4619-bdb4-75e7e07806b4,DIOPSIS-231_Boer4_-_Controle_1,20890c2e-45d0-4d03-8565-bec12e1a7f96,,2025-08-13T23:09:45,2025-08-13T23:09:45,detection,unknown,Crambidae,1,,,,object_22928,0.411894682054727,0.696440972222222,0.02202844380934299,0.028968505859374938,machine,Diopsis 2025,,0.497555047273636,"{body_length_mm: 1.45581299763349}, {biomass_mg: 0.0805543435651603}"
4dfd7982-8d9b-4e1c-aec9-6c03df183922,DIOPSIS-231_Boer4_-_Controle_1,20890c2e-45d0-4d03-8565-bec12e1a7f96,,2025-08-13T23:09:45,2025-08-13T23:09:45,detection,animal,Crambidae,1,,,,object_22921,0.852342303089785,0.117143071492513,0.04297262201325103,0.058173073662651995,machine,Diopsis 2025,,0.558362458433424,"{body_length_mm: 14.5808294386341}, {biomass_mg: 34.503926420885}"
2d6d0fac-e5b5-4d50-ad1e-389550e4e000,DIOPSIS-231_Boer4_-_Controle_1,20890c2e-45d0-4d03-8565-bec12e1a7f96,,2025-08-13T23:09:45,2025-08-13T23:09:45,detection,animal,Crambidae,1,,,,object_22973,0.915777190499791,0.226199527316623,0.044556683013356024,0.05950207180447101,machine,Diopsis 2025,,0.96390426158905,"{body_length_mm: 9.86071694367243}, {biomass_mg: 12.3339047334029}"
98e96640-69ae-455f-8ed8-d74af9f22329,DIOPSIS-231_Boer4_-_Controle_1,20890c2e-45d0-4d03-8565-bec12e1a7f96,,2025-08-13T23:09:45,2025-08-13T23:09:45,detection,animal,Crambidae,1,,,,object_22975,0.926226327733723,0.281106092664931,0.049453760825333926,0.06540072970920102,machine,Diopsis 2025,,0.966031491756439,"{body_length_mm: 13.4972395269843}, {biomass_mg: 28.162129204009}"
ed507256-770c-4298-bb79-ea253a906d36,DIOPSIS-231_Boer4_-_Controle_1,20890c2e-45d0-4d03-8565-bec12e1a7f96,,2025-08-13T23:09:45,2025-08-13T23:09:45,detection,animal,Diptera,1,,,,object_22974,0.765594584316961,0.751130913628472,0.04552361642776992,0.06032531738281299,machine,Diopsis 2025,,0.924691498279572,"{body_length_mm: 3.86404575619701}, {biomass_mg: 0.824766271000094}"
5b815314-edfa-4fe1-8848-3b00e7b5238a,DIOPSIS-231_Boer4_-_Controle_1,a4b5bf72-8e16-41d8-ac5d-1f31e58d83ed,,2025-08-13T23:19:36,2025-08-13T23:19:36,detection,animal,Caenidae,1,,,,object_23016,0.239101123332181,0.620220404730903,0.02067713665842799,0.027525973849826024,machine,Diopsis 2025,,0.999931693077087,"{body_length_mm: 3.87576440250361}, {biomass_mg: 1.05803768518585}"
9cdfe5a8-2690-4511-a524-cca9e699e2b8,DIOPSIS-231_Boer4_-_Controle_1,a4b5bf72-8e16-41d8-ac5d-1f31e58d83ed,,2025-08-13T23:19:36,2025-08-13T23:19:36,detection,animal,Caenidae,1,,,,object_23019,0.776487984123931,0.0250475353664822,0.023177514689194934,0.0306250211927626,machine,Diopsis 2025,,0.992885291576386,"{body_length_mm: 7.17067645207403}, {biomass_mg: 5.33635101769606}"
44848beb-243d-46b9-b497-129a83b150ba,DIOPSIS-231_Boer4_-_Controle_1,a4b5bf72-8e16-41d8-ac5d-1f31e58d83ed,,2025-08-13T23:19:36,2025-08-13T23:19:36,detection,animal,Chironomidae,1,,,,object_22974,0.770042151958994,0.757111070421007,0.03965313486344402,0.05509562174479199,machine,Diopsis 2025,,0.515395641326904,"{body_length_mm: 4.87141408806715}, {biomass_mg: 1.93042987643223}"
10afeaa6-03c1-4333-b531-f02f82a8d3da,DIOPSIS-231_Boer4_-_Controle_1,a4b5bf72-8e16-41d8-ac5d-1f31e58d83ed,,2025-08-13T23:19:36,2025-08-13T23:19:36,detection,animal,Crambidae,1,,,,object_23029,0.0265213324749012,0.509999287923177,0.043923981400682405,0.05817528618706602,machine,Diopsis 2025,,0.992817521095276,"{body_length_mm: 7.51962364445406}, {biomass_mg: 6.04668034339672}"
66238617-4883-4ad1-b254-b5a745082634,DIOPSIS-231_Boer4_-_Controle_1,a4b5bf72-8e16-41d8-ac5d-1f31e58d83ed,,2025-08-13T23:19:36,2025-08-13T23:19:36,detection,animal,Crambidae,1,,,,object_23030,0.0927964275786793,0.409628465440538,0.04808667267304269,0.06372243245442699,machine,Diopsis 2025,,0.996348559856415,"{body_length_mm: 17.2118583097283}, {biomass_mg: 53.3762758967859}"
47bf6e8f-0437-45a2-a48d-1d9c9e10240d,DIOPSIS-231_Boer4_-_Controle_1,a4b5bf72-8e16-41d8-ac5d-1f31e58d83ed,,2025-08-13T23:19:36,2025-08-13T23:19:36,detection,animal,Crambidae,1,,,,object_23022,0.40441728951736,0.162556915283203,0.048428670790836015,0.06535929361979198,machine,Diopsis 2025,,0.95677125453949,"{body_length_mm: 15.536985919204}, {biomass_mg: 40.7770557983648}"
1000e0e1-e823-4df6-b1cf-1768958193a6,DIOPSIS-231_Boer4_-_Controle_1,a4b5bf72-8e16-41d8-ac5d-1f31e58d83ed,,2025-08-13T23:19:36,2025-08-13T23:19:36,detection,animal,Crambidae,1,,,,object_23009,0.581884775814509,0.625727335611979,0.052800199225271016,0.071416015625,machine,Diopsis 2025,,0.995138923327128,"{body_length_mm: 2.02764719560811}, {biomass_mg: 0.19253568920364}"
f9b18ff5-b81b-435f-bc1f-2591cc033784,DIOPSIS-231_Boer4_-_Controle_1,a4b5bf72-8e16-41d8-ac5d-1f31e58d83ed,,2025-08-13T23:19:36,2025-08-13T23:19:36,detection,animal,Crambidae,1,,,,object_22980,0.917543949388303,0.230906439887153,0.04459387471958498,0.05904534233940997,machine,Diopsis 2025,,0.980724573135376,"{body_length_mm: 12.0860755420014}, {biomass_mg: 21.063551811184}"
8c467315-38ec-45c5-b5f4-9088d98fc3ec,DIOPSIS-231_Boer4_-_Controle_1,a4b5bf72-8e16-41d8-ac5d-1f31e58d83ed,,2025-08-13T23:19:36,2025-08-13T23:19:36,detection,unknown,Too small for identification,1,,,,object_23002,0.0225003581612257,0.597530178493924,0.043389532124259805,0.05762017144097198,machine,Diopsis 2025,,1.0,"{body_length_mm: 0.841229019332158}, {biomass_mg: 0.03}"
9c8ef9bb-3778-405c-93f8-48ea81105705,DIOPSIS-231_Boer4_-_Controle_1,a4b5bf72-8e16-41d8-ac5d-1f31e58d83ed,,2025-08-13T23:19:36,2025-08-13T23:19:36,detection,unknown,Too small for identification,1,,,,object_23025,0.411972784637808,0.696925320095486,0.021629983077263992,0.028373887803819997,machine,Diopsis 2025,,1.0,"{body_length_mm: 1.46801920083706}, {biomass_mg: 0.0823428169671902}"
b46a98ad-9517-4033-bcf8-8f44142890f8,DIOPSIS-231_Boer4_-_Controle_1,73393e51-ede7-413f-9160-2677e68f72e5,,2025-08-13T23:58:09,2025-08-13T23:58:09,detection,animal,Chironomidae,1,,,,object_23176,0.183565512324414,0.421829291449653,0.04037390248803399,0.052620646158854034,machine,Diopsis 2025,,0.999526470899582,"{body_length_mm: 9.54258183795183}, {biomass_mg: 11.314687241988}"
4358c27a-1d39-4dd2-8ae7-a0fd9217ac86,DIOPSIS-231_Boer4_-_Controle_1,73393e51-ede7-413f-9160-2677e68f72e5,,2025-08-13T23:58:09,2025-08-13T23:58:09,detection,animal,Too small for identification,1,,,,object_23210,0.398439461480397,0.728862101236979,0.023018125301610015,0.030661214192708952,machine,Diopsis 2025,,0.974366307258606,"{body_length_mm: 1.89924468752071}, {biomass_mg: 0.162102261991884}"
5c2420a4-5caa-4585-9bbf-0b3d53717a49,DIOPSIS-231_Boer4_-_Controle_1,73393e51-ede7-413f-9160-2677e68f72e5,,2025-08-13T23:58:09,2025-08-13T23:58:09,detection,animal,Crambidae,1,,,,object_23120,0.448197506504982,0.0448323143853081,0.04265241670688197,0.058837933010524895,machine,Diopsis 2025,,0.996178269386292,"{body_length_mm: 7.15316656372462}, {biomass_mg: 5.30214845331835}"
97fbbf5b-ec60-4b49-bcd6-258259fdc4e7,DIOPSIS-231_Boer4_-_Controle_1,73393e51-ede7-413f-9160-2677e68f72e5,,2025-08-13T23:58:09,2025-08-13T23:58:09,detection,animal,Crambidae,1,,,,object_23124,0.565968253974724,0.687458089192708,0.0477335679909221,0.06535454644097294,machine,Diopsis 2025,,0.995706617832184,"{body_length_mm: 7.64860565535211}, {biomass_mg: 6.3232830920803}"
f03c2a73-d462-4320-b3f4-bd937692043d,DIOPSIS-231_Boer4_-_Controle_1,73393e51-ede7-413f-9160-2677e68f72e5,,2025-08-13T23:58:09,2025-08-13T23:58:09,detection,animal,Crambidae,1,,,,object_23189,0.763547359205447,0.0077344640096028,0.04089095636281792,0.0558814875284831,machine,Diopsis 2025,,0.876070857048035,"{body_length_mm: 10.5466204380291}, {biomass_mg: 14.7200497249022}"
82ffa09e-f752-4a3c-8d01-73bc89a075af,DIOPSIS-231_Boer4_-_Controle_1,73393e51-ede7-413f-9160-2677e68f72e5,,2025-08-13T23:58:09,2025-08-13T23:58:09,detection,unknown,Crambidae,1,,,,object_23205,0.765474450011086,0.767676188151042,0.054698657511868976,0.08792921278211796,machine,Diopsis 2025,,0.496870249509811,"{body_length_mm: 22.5049243001799}, {biomass_mg: 108.046630615863}"
bc778bbe-3866-4e31-ac72-68e462d6036b,DIOPSIS-231_Boer4_-_Controle_1,73393e51-ede7-413f-9160-2677e68f72e5,,2025-08-13T23:58:09,2025-08-13T23:58:09,detection,animal,Crambidae,1,,,,object_23183,0.772261936397903,0.799543117947049,0.05225062808130698,0.06811916775173599,machine,Diopsis 2025,,0.629305601119995,"{body_length_mm: 16.2581983421304}, {biomass_mg: 45.9453656937808}"
88ddc028-ad3b-4161-b28f-5d72788e2791,DIOPSIS-231_Boer4_-_Controle_1,73393e51-ede7-413f-9160-2677e68f72e5,,2025-08-13T23:58:09,2025-08-13T23:58:09,detection,animal,Crambidae,1,,,,object_23211,0.961672978727567,0.124804009331597,0.03832702127243304,0.05824388292100702,machine,Diopsis 2025,,0.971269845962524,"{body_length_mm: 16.0314438144568}, {biomass_mg: 44.2791515693521}"
6c4f361f-5c31-4488-8278-8498ceede167,DIOPSIS-231_Boer4_-_Controle_1,73393e51-ede7-413f-9160-2677e68f72e5,,2025-08-13T23:58:09,2025-08-13T23:58:09,detection,animal,Diptera,1,,,,object_23154,0.770780636591585,0.760679321289063,0.03856051386099202,0.05249287923177004,machine,Diopsis 2025,,0.538027763366699,"{body_length_mm: 3.66853947478777}, {biomass_mg: 0.735241163590394}"
0481b299-3a95-47d2-a7bd-c70e9ebbf701,DIOPSIS-231_Boer4_-_Controle_1,73393e51-ede7-413f-9160-2677e68f72e5,,2025-08-13T23:58:09,2025-08-13T23:58:09,detection,animal,Lepidoptera,1,,,,object_23197,0.330612972304101,0.0127146508958604,0.047614987585101964,0.06581101947360571,machine,Diopsis 2025,,0.625449657440186,"{body_length_mm: 15.1360470831081}, {biomass_mg: 31.3972723695236}"
57032880-6063-435d-a220-4194bb2a484b,DIOPSIS-231_Boer4_-_Controle_1,73393e51-ede7-413f-9160-2677e68f72e5,,2025-08-13T23:58:09,2025-08-13T23:58:09,detection,animal,Miridae,1,,,,object_23212,0.66673520809422,0.493523288302951,0.04450018218841301,0.05802442762586901,machine,Diopsis 2025,,0.972393155097961,"{body_length_mm: 5.21278745701043}, {biomass_mg: 2.3068289927867}"
693d60f9-7fe0-44d0-881b-c07fe340a49a,DIOPSIS-231_Boer4_-_Controle_1,73393e51-ede7-413f-9160-2677e68f72e5,,2025-08-13T23:58:09,2025-08-13T23:58:09,detection,unknown,Too small for identification,1,,,,object_23200,0.158109050362257,0.253474595811632,0.02131654105719899,0.02803188747829899,machine,Diopsis 2025,,1.0,"{body_length_mm: 1.73769502824542}, {biomass_mg: 0.128307402692083}"
94aadfa2-e529-456d-8e66-51da12ccc6a8,DIOPSIS-231_Boer4_-_Controle_1,73393e51-ede7-413f-9160-2677e68f72e5,,2025-08-13T23:58:09,2025-08-13T23:58:09,detection,unknown,Too small for identification,1,,,,object_23025,0.411819942009469,0.695635918511285,0.022811150909067046,0.030429823133679923,machine,Diopsis 2025,,1.0,"{body_length_mm: 2.01425572176854}, {biomass_mg: 0.189209382549946}"
d1dbb198-b474-4eb4-adeb-6b79d9aa6766,DIOPSIS-231_Boer4_-_Controle_1,a058f043-35c1-4c6d-8db8-cf0296c1c5bf,,2025-08-14T00:49:45,2025-08-14T00:49:45,detection,unknown,Caenidae,1,,,,object_23385,0.693029133027702,0.713722941080729,0.02123687183717704,0.028048231336806007,machine,Diopsis 2025,,0.499901324510574,"{body_length_mm: 5.46177633737182}, {biomass_mg: 2.60801114024174}"
71501d1d-2d0d-4119-b6fe-0de9cf6abc5c,DIOPSIS-231_Boer4_-_Controle_1,a058f043-35c1-4c6d-8db8-cf0296c1c5bf,,2025-08-14T00:49:45,2025-08-14T00:49:45,detection,unknown,Chironomidae,1,,,,object_23302,0.411585736155311,0.696147054036458,0.023321135812291005,0.031201307508680998,machine,Diopsis 2025,,0.499990046024323,"{body_length_mm: 2.26279360624123}, {biomass_mg: 0.256943392897373}"
1bbc05b9-52b4-4567-841a-379d5db7f992,DIOPSIS-231_Boer4_-_Controle_1,a058f043-35c1-4c6d-8db8-cf0296c1c5bf,,2025-08-14T00:49:45,2025-08-14T00:49:45,detection,unknown,Chironomidae,1,,,,object_23395,0.640163007682074,0.617241414388021,0.04012776217198,0.05346245659722193,machine,Diopsis 2025,,0.4051462326731,"{body_length_mm: 8.86629304680032}, {biomass_mg: 9.32573196016416}"
47647eb1-2eaf-450b-aa95-d4e8e9ab4756,DIOPSIS-231_Boer4_-_Controle_1,a058f043-35c1-4c6d-8db8-cf0296c1c5bf,,2025-08-14T00:49:45,2025-08-14T00:49:45,detection,unknown,Chironomidae,1,,,,object_23376,0.766817580081386,0.758799235026042,0.04175502668835995,0.054654066297743054,machine,Diopsis 2025,,0.444465587536494,"{body_length_mm: 4.86343333381039}, {biomass_mg: 1.92212336606592}"
b9b9db3d-44ce-4c47-967b-cc6be1b5920b,DIOPSIS-231_Boer4_-_Controle_1,fca4dbed-db27-4da9-bcb3-041db3668ddc,,2025-08-14T01:25:58,2025-08-14T01:25:58,detection,unknown,Caenidae,1,,,,object_23447,0.76480515214159,0.753292304144965,0.045781665731949084,0.06161119249132008,machine,Diopsis 2025,,0.333270251750946,"{body_length_mm: 2.85954192710353}, {biomass_mg: 0.475533335801498}"
405fca40-81c2-4bdb-9197-849e983ccb3f,DIOPSIS-231_Boer4_-_Controle_1,fca4dbed-db27-4da9-bcb3-041db3668ddc,,2025-08-14T01:25:58,2025-08-14T01:25:58,detection,animal,Chironomidae,1,,,,object_23302,0.411414501464029,0.69542717827691,0.02381507223953999,0.03190660264756895,machine,Diopsis 2025,,0.953355133533478,"{body_length_mm: 1.29553817510588}, {biomass_mg: 0.059274147886185}"
a7bab452-0425-45af-8f94-8b64fe87ab12,DIOPSIS-231_Boer4_-_Controle_1,fca4dbed-db27-4da9-bcb3-041db3668ddc,,2025-08-14T01:25:58,2025-08-14T01:25:58,detection,unknown,Chironomidae,1,,,,object_23452,0.696301595595524,0.660386555989583,0.028941210203855094,0.03777696397569508,machine,Diopsis 2025,,0.495652496814728,"{body_length_mm: 7.59915963111929}, {biomass_mg: 6.21633910480018}"
77d3736d-2811-404e-acab-9b518aea89e5,DIOPSIS-231_Boer4_-_Controle_1,fca4dbed-db27-4da9-bcb3-041db3668ddc,,2025-08-14T01:25:58,2025-08-14T01:25:58,detection,unknown,Chironomidae,1,,,,object_23451,0.921821708870252,0.138857116699219,0.04396813699916591,0.05789596557617202,machine,Diopsis 2025,,0.49973800778389,"{body_length_mm: 14.568941420853}, {biomass_mg: 34.4299892454859}"
cc125d07-a2e8-4ca9-a3f6-f97758ce42c6,DIOPSIS-231_Boer4_-_Controle_1,d2c6b1c2-b9c5-4a13-a3ec-d9a2677506ec,,2025-08-14T05:46:01,2025-08-14T05:46:01,detection,animal,Caenidae,1,,,,object_23675,0.773454312689117,0.0205659739176432,0.02614103135760193,0.0349911414252387,machine,Diopsis 2025,,0.953910708427429,"{body_length_mm: 4.48064291963417}, {biomass_mg: 1.54933857797354}"
4233fe2e-751f-48c2-b405-4e1ea1177b2c,DIOPSIS-231_Boer4_-_Controle_1,d2c6b1c2-b9c5-4a13-a3ec-d9a2677506ec,,2025-08-14T05:46:01,2025-08-14T05:46:01,detection,animal,Chironomidae,1,,,,object_23694,0.253327944441908,0.333382975260417,0.03135441698892699,0.040476413302950986,machine,Diopsis 2025,,0.583015620708466,"{body_length_mm: 6.24265835988873}, {biomass_mg: 3.70632260805504}"
5d2ed9f1-620a-4e66-b2af-65e50e2e6af6,DIOPSIS-231_Boer4_-_Controle_1,d2c6b1c2-b9c5-4a13-a3ec-d9a2677506ec,,2025-08-14T05:46:01,2025-08-14T05:46:01,detection,unknown,Chironomidae,1,,,,object_23664,0.769571855191595,0.763737453884549,0.03721549873161001,0.048944973415798065,machine,Diopsis 2025,,0.491586953401566,"{body_length_mm: 2.72606432943033}, {biomass_mg: 0.419354393967339}"
e24d014a-5bee-4d90-91d1-40cfcde99fed,DIOPSIS-231_Boer4_-_Controle_1,d2c6b1c2-b9c5-4a13-a3ec-d9a2677506ec,,2025-08-14T05:46:01,2025-08-14T05:46:01,detection,unknown,Crambidae,1,,,,object_23677,0.921568499582638,0.15654535929362,0.04581997828411899,0.05608739217122399,machine,Diopsis 2025,,0.475472152233124,"{body_length_mm: 17.2024914779356}, {biomass_mg: 53.2999140656886}"
d37a7dee-6290-443a-bc37-deda47ff971e,DIOPSIS-231_Boer4_-_Controle_1,d2c6b1c2-b9c5-4a13-a3ec-d9a2677506ec,,2025-08-14T05:46:01,2025-08-14T05:46:01,detection,animal,Diptera,1,,,,object_23696,0.172685906564652,0.885056627061632,0.055982917696486,0.07424608018663204,machine,Diopsis 2025,,0.843414545059204,"{body_length_mm: 6.91694187786719}, {biomass_mg: 2.99182599491773}"
343ff9a4-a3ef-4b52-84d6-f9540f0b690c,DIOPSIS-231_Boer4_-_Controle_1,d2c6b1c2-b9c5-4a13-a3ec-d9a2677506ec,,2025-08-14T05:46:01,2025-08-14T05:46:01,detection,animal,Lepidoptera,1,,,,object_23641,0.598481447350402,0.612244262695313,0.05150445036975704,0.06871086968315909,machine,Diopsis 2025,,0.731007695198059,"{body_length_mm: 14.7715869721882}, {biomass_mg: 29.0967558368944}"
8a488a07-68d1-4974-8b42-641f4b8b9ee2,DIOPSIS-231_Boer4_-_Controle_1,d2c6b1c2-b9c5-4a13-a3ec-d9a2677506ec,,2025-08-14T05:46:01,2025-08-14T05:46:01,detection,unknown,Too small for identification,1,,,,object_23658,0.152953859561672,0.250420803493924,0.02344754940281299,0.031640557183159,machine,Diopsis 2025,,1.0,"{body_length_mm: 1.92348426677457}, {biomass_mg: 0.167600138629157}"
c0439e7b-e2ce-4379-bf41-c7624daec37d,DIOPSIS-231_Boer4_-_Controle_1,d2c6b1c2-b9c5-4a13-a3ec-d9a2677506ec,,2025-08-14T05:46:01,2025-08-14T05:46:01,detection,unknown,Too small for identification,1,,,,object_23671,0.706095802167023,0.706472913953993,0.023508215189378068,0.03158813476562494,machine,Diopsis 2025,,1.0,"{body_length_mm: 2.98182196605497}, {biomass_mg: 0.530894408500207}"
aebacea3-f2ea-42d3-88cc-8df32b8e7c02,DIOPSIS-231_Boer4_-_Controle_1,4becf5c2-0fef-45ec-819e-b26d8f8f89f2,,2025-08-14T19:41:21,2025-08-14T19:41:21,detection,unknown,Caenidae,1,,,,object_23943,0.210212643835103,0.586237318250868,0.04848168170909803,0.06355109320746499,machine,Diopsis 2025,,0.499996066093445,"{body_length_mm: 14.7931813924777}, {biomass_mg: 35.8412557052723}"
7760b9d5-7e30-45f4-afff-420b22d85f00,DIOPSIS-231_Boer4_-_Controle_1,4becf5c2-0fef-45ec-819e-b26d8f8f89f2,,2025-08-14T19:41:21,2025-08-14T19:41:21,detection,animal,Caenidae,1,,,,object_23905,0.707432309056761,0.708428819444445,0.022328117255973945,0.029933539496526995,machine,Diopsis 2025,,0.998883813619614,"{body_length_mm: 2.74150796683113}, {biomass_mg: 0.425631412206001}"
79422631-7945-40cc-9393-5d0f3d80ed43,DIOPSIS-231_Boer4_-_Controle_1,4becf5c2-0fef-45ec-819e-b26d8f8f89f2,,2025-08-14T19:41:21,2025-08-14T19:41:21,detection,animal,Chironomidae,1,,,,object_23932,0.600687068372418,0.61962388780382,0.04971089307374199,0.069136759440104,machine,Diopsis 2025,,0.995944678783417,"{body_length_mm: 8.80503182089708}, {biomass_mg: 9.15721898833181}"
0b23424b-25d2-426c-a0ea-3de2f0af5d57,DIOPSIS-231_Boer4_-_Controle_1,4becf5c2-0fef-45ec-819e-b26d8f8f89f2,,2025-08-14T19:41:21,2025-08-14T19:41:21,detection,animal,Diptera,1,,,,object_23964,0.929838304726628,0.856963026258681,0.033892954729236036,0.04340393066406201,machine,Diopsis 2025,,0.896519064903259,"{body_length_mm: 5.37570617671051}, {biomass_mg: 1.71261673101365}"
a1c50e99-1275-4549-9531-f6e080a4aa6a,DIOPSIS-231_Boer4_-_Controle_1,4becf5c2-0fef-45ec-819e-b26d8f8f89f2,,2025-08-14T19:41:21,2025-08-14T19:41:21,detection,animal,Hymenoptera,1,,,,object_23950,0.829842288824473,0.364029371473524,0.02934104651959002,0.038396775987414034,machine,Diopsis 2025,,0.993678867816925,"{body_length_mm: 5.98679699057012}, {biomass_mg: 1.71711308190911}"
dd3c2b09-e877-4f3c-865d-e199cba20c7f,DIOPSIS-231_Boer4_-_Controle_1,4becf5c2-0fef-45ec-819e-b26d8f8f89f2,,2025-08-14T19:41:21,2025-08-14T19:41:21,detection,unknown,Too small for identification,1,,,,object_23913,0.410823459020242,0.695912339952257,0.02418907815108501,0.032065022786458064,machine,Diopsis 2025,,1.0,"{body_length_mm: 2.23895097059445}, {biomass_mg: 0.249884034308226}"
74703c8a-383e-4e18-a59d-e403a063e6a6,DIOPSIS-231_Boer4_-_Controle_1,4becf5c2-0fef-45ec-819e-b26d8f8f89f2,,2025-08-14T19:41:21,2025-08-14T19:41:21,detection,unknown,Too small for identification,1,,,,object_23963,0.504022563240166,0.296405910915799,0.04523917629643093,0.060817226833767,machine,Diopsis 2025,,1.0,"{body_length_mm: 2.13459594358657}, {biomass_mg: 0.220405025421484}"
3cc8545c-28ef-4ef7-8826-13a0d40f860b,DIOPSIS-231_Boer4_-_Controle_1,700f17cf-aeac-44ab-a6fb-9a8f5ced1e16,,2025-08-14T20:21:11,2025-08-14T20:21:11,detection,animal,Caenidae,1,,,,object_24114,0.188471340376865,0.729887830946181,0.024494839829076992,0.03510518391926998,machine,Diopsis 2025,,0.745895743370056,"{body_length_mm: 5.8120093329153}, {biomass_mg: 3.0711387069561}"
1fc5eeb7-62b2-4bae-ad2d-fb1a962a6afa,DIOPSIS-231_Boer4_-_Controle_1,700f17cf-aeac-44ab-a6fb-9a8f5ced1e16,,2025-08-14T20:21:11,2025-08-14T20:21:11,detection,unknown,Caenidae,1,,,,object_24192,0.428403621921953,0.0704671393500434,0.02491839222597597,0.0327105712890626,machine,Diopsis 2025,,0.332995474338531,"{body_length_mm: 4.30106341018926}, {biomass_mg: 1.39131583510252}"
994a8cfa-2be6-4570-bc7e-d2c1cfbfe7c1,DIOPSIS-231_Boer4_-_Controle_1,700f17cf-aeac-44ab-a6fb-9a8f5ced1e16,,2025-08-14T20:21:11,2025-08-14T20:21:11,detection,animal,Caenidae,1,,,,object_24179,0.582690969731454,0.197130262586806,0.05255906450529502,0.06993543836805499,machine,Diopsis 2025,,0.66126294930776,"{body_length_mm: 2.22776054402739}, {biomass_mg: 0.246612695676496}"
f6da8f1c-0877-424c-8a9e-89614b27d3ef,DIOPSIS-231_Boer4_-_Controle_1,700f17cf-aeac-44ab-a6fb-9a8f5ced1e16,,2025-08-14T20:21:11,2025-08-14T20:21:11,detection,unknown,Caenidae,1,,,,object_24135,0.707910400798205,0.70886223687066,0.02179352468958695,0.028643459743923017,machine,Diopsis 2025,,0.465641498565674,"{body_length_mm: 2.79983871066684}, {biomass_mg: 0.449863834834609}"
c595f795-fc5e-4dd4-807d-41bd81d36ad9,DIOPSIS-231_Boer4_-_Controle_1,700f17cf-aeac-44ab-a6fb-9a8f5ced1e16,,2025-08-14T20:21:11,2025-08-14T20:21:11,detection,animal,Chironomidae,1,,,,object_24193,0.0319639215485281,0.912989298502604,0.05150331678693001,0.06935099283854196,machine,Diopsis 2025,,0.999746978282928,"{body_length_mm: 9.67410499003137}, {biomass_mg: 11.7294500214611}"
b58e9bd8-eccc-4b23-bc51-b75335ea705f,DIOPSIS-231_Boer4_-_Controle_1,700f17cf-aeac-44ab-a6fb-9a8f5ced1e16,,2025-08-14T20:21:11,2025-08-14T20:21:11,detection,animal,Chironomidae,1,,,,object_24168,0.0790815146419162,0.708371310763889,0.04419371998170779,0.05854248046874999,machine,Diopsis 2025,,0.999777495861054,"{body_length_mm: 13.6246392059022}, {biomass_mg: 28.8666264644151}"
b2133703-7afb-4ac3-86fd-478fc2de7e82,DIOPSIS-231_Boer4_-_Controle_1,700f17cf-aeac-44ab-a6fb-9a8f5ced1e16,,2025-08-14T20:21:11,2025-08-14T20:21:11,detection,animal,Chironomidae,1,,,,object_24183,0.315570481034472,0.64071770562066,0.03881537894374698,0.05106933593749996,machine,Diopsis 2025,,0.99944406747818,"{body_length_mm: 7.10411621107609}, {biomass_mg: 5.20706147459465}"
e6dcec1d-7e9e-4e52-8f63-3655e19d23f3,DIOPSIS-231_Boer4_-_Controle_1,700f17cf-aeac-44ab-a6fb-9a8f5ced1e16,,2025-08-14T20:21:11,2025-08-14T20:21:11,detection,animal,Chironomidae,1,,,,object_24189,0.386253700829508,0.26214848836263,0.032803033946550986,0.04264992607964402,machine,Diopsis 2025,,0.930612772703171,"{body_length_mm: 5.72799846768416}, {biomass_mg: 2.95575793135332}"
8b712de5-ada2-416a-9310-5e69cd648380,DIOPSIS-231_Boer4_-_Controle_1,700f17cf-aeac-44ab-a6fb-9a8f5ced1e16,,2025-08-14T20:21:11,2025-08-14T20:21:11,detection,animal,Chironomidae,1,,,,object_24184,0.670175797553214,0.777811550564236,0.05154790862374803,0.06822591145833401,machine,Diopsis 2025,,0.957015156745911,"{body_length_mm: 8.91484662603546}, {biomass_mg: 9.46064503861824}"
8886fe63-62b9-4e3e-b538-61c44aeddfbb,DIOPSIS-231_Boer4_-_Controle_1,700f17cf-aeac-44ab-a6fb-9a8f5ced1e16,,2025-08-14T20:21:11,2025-08-14T20:21:11,detection,unknown,Chironomidae,1,,,,object_24129,0.733864556568891,0.760035061306424,0.06530440749230493,0.08317518446180505,machine,Diopsis 2025,,0.489343672990799,"{body_length_mm: 3.82519841826309}, {biomass_mg: 1.02211835963375}"
0d5d1729-a356-4ef4-a3bc-d483935d26fd,DIOPSIS-231_Boer4_-_Controle_1,700f17cf-aeac-44ab-a6fb-9a8f5ced1e16,,2025-08-14T20:21:11,2025-08-14T20:21:11,detection,animal,Chironomidae,1,,,,object_24188,0.874956796483723,0.118546108669705,0.04069954644459495,0.05483864678276901,machine,Diopsis 2025,,0.999519467353821,"{body_length_mm: 9.35464704915529}, {biomass_mg: 10.7379983541637}"
0802f004-6b23-44f7-bf22-34c3d95c7e51,DIOPSIS-231_Boer4_-_Controle_1,700f17cf-aeac-44ab-a6fb-9a8f5ced1e16,,2025-08-14T20:21:11,2025-08-14T20:21:11,detection,unknown,Diptera,1,,,,object_24110,0.153390836636093,0.250604281955295,0.022814526183776024,0.030316704644097026,machine,Diopsis 2025,,0.45944482088089,"{body_length_mm: 5.00575700744998}, {biomass_mg: 1.46262488206406}"
35de18f8-6bf2-41ec-bffa-e264956a353e,DIOPSIS-231_Boer4_-_Controle_1,700f17cf-aeac-44ab-a6fb-9a8f5ced1e16,,2025-08-14T20:21:11,2025-08-14T20:21:11,detection,animal,Miridae,1,,,,object_24194,0.632542681813439,0.138514370388455,0.039214935047997,0.05225997924804701,machine,Diopsis 2025,,0.970218241214752,"{body_length_mm: 7.69217486021579}, {biomass_mg: 6.41845520209223}"
562398cb-bd72-4a0a-a2c4-21592e517895,DIOPSIS-231_Boer4_-_Controle_1,700f17cf-aeac-44ab-a6fb-9a8f5ced1e16,,2025-08-14T20:21:11,2025-08-14T20:21:11,detection,unknown,Too small for identification,1,,,,object_24178,0.410723041413423,0.696326768663194,0.023285064952004053,0.031095309787326997,machine,Diopsis 2025,,1.0,"{body_length_mm: 1.70104784511735}, {biomass_mg: 0.121312548484552}"
19d60be2-9744-4a13-939a-8ac9f1e0ce24,DIOPSIS-231_Boer4_-_Controle_1,700f17cf-aeac-44ab-a6fb-9a8f5ced1e16,,2025-08-14T20:21:11,2025-08-14T20:21:11,detection,unknown,Too small for identification,1,,,,object_24156,0.608632286721359,0.605049777560764,0.04865098039375493,0.06368842230902805,machine,Diopsis 2025,,1.0,"{body_length_mm: 2.63950650272109}, {biomass_mg: 0.385235278207229}"
b6016e8f-c047-4e4d-9a3e-48ed9b219e30,DIOPSIS-231_Boer4_-_Controle_1,700f17cf-aeac-44ab-a6fb-9a8f5ced1e16,,2025-08-14T20:21:11,2025-08-14T20:21:11,detection,unknown,Too small for identification,1,,,,object_24153,0.739499100062604,0.559184299045139,0.042339191213871974,0.057081502278645946,machine,Diopsis 2025,,1.0,"{body_length_mm: 2.73993095652339}, {biomass_mg: 0.4249877903064}"
d56d29d2-c801-4be8-8310-e9889cf10a8f,DIOPSIS-231_Boer4_-_Controle_1,9ab5c5b9-397f-4960-99f7-4b70a2943134,,2025-08-14T20:24:04,2025-08-14T20:24:04,detection,animal,Caenidae,1,,,,object_24219,0.186063725084614,0.729324205186632,0.02881451640184801,0.03799045138888901,machine,Diopsis 2025,,0.997960388660431,"{body_length_mm: 4.06406760467092}, {biomass_mg: 1.19863922047641}"
a94bffc3-2374-410a-a732-95bf69506c8e,DIOPSIS-231_Boer4_-_Controle_1,9ab5c5b9-397f-4960-99f7-4b70a2943134,,2025-08-14T20:24:04,2025-08-14T20:24:04,detection,animal,Caenidae,1,,,,object_24210,0.211798284209033,0.255344034830729,0.022275233706569003,0.029041239420573017,machine,Diopsis 2025,,0.977900087833404,"{body_length_mm: 5.21267096466304}, {biomass_mg: 2.30669341435101}"
7d782c3e-3a75-4191-abe4-1a9f61772980,DIOPSIS-231_Boer4_-_Controle_1,9ab5c5b9-397f-4960-99f7-4b70a2943134,,2025-08-14T20:24:04,2025-08-14T20:24:04,detection,animal,Caenidae,1,,,,object_24178,0.609312334522381,0.605770060221354,0.04517702029423998,0.07752617730034694,machine,Diopsis 2025,,0.949189126491547,"{body_length_mm: 14.7470975714092}, {biomass_mg: 35.5483535561498}"
39e1cf4e-a99e-4e70-b65a-20cf66198546,DIOPSIS-231_Boer4_-_Controle_1,9ab5c5b9-397f-4960-99f7-4b70a2943134,,2025-08-14T20:24:04,2025-08-14T20:24:04,detection,unknown,Caenidae,1,,,,object_24212,0.615673440923675,0.95470208062066,0.03944684826272893,0.045297919379340024,machine,Diopsis 2025,,0.499233990907669,"{body_length_mm: 6.60042591655153}, {biomass_mg: 4.29136556346748}"
08b26773-ce8f-42b4-9956-a73fd476b65f,DIOPSIS-231_Boer4_-_Controle_1,9ab5c5b9-397f-4960-99f7-4b70a2943134,,2025-08-14T20:24:04,2025-08-14T20:24:04,detection,animal,Chironomidae,1,,,,object_24168,0.0728139288238372,0.714853108723958,0.05099216645866479,0.06699422200520899,machine,Diopsis 2025,,0.999833941459656,"{body_length_mm: 13.8421364240992}, {biomass_mg: 30.0943850953782}"
a6ee579b-4d4e-4810-bdca-199fe8499fa9,DIOPSIS-231_Boer4_-_Controle_1,9ab5c5b9-397f-4960-99f7-4b70a2943134,,2025-08-14T20:24:04,2025-08-14T20:24:04,detection,animal,Chironomidae,1,,,,object_24222,0.207824426819765,0.0,0.055002101076664006,0.0723237101236979,machine,Diopsis 2025,,0.999793469905853,"{body_length_mm: 5.18183492449305}, {biomass_mg: 2.27097866207912}"
a69951b7-c00f-4930-9edb-f5e5fef83e6c,DIOPSIS-231_Boer4_-_Controle_1,9ab5c5b9-397f-4960-99f7-4b70a2943134,,2025-08-14T20:24:04,2025-08-14T20:24:04,detection,animal,Chironomidae,1,,,,object_24223,0.230624598533363,0.685948893229167,0.04745980136979597,0.06393575032552101,machine,Diopsis 2025,,0.981187760829926,"{body_length_mm: 3.95265365193896}, {biomass_mg: 1.1141372559369}"
16a9055c-bf12-4bac-907a-3277f49d5bc6,DIOPSIS-231_Boer4_-_Controle_1,9ab5c5b9-397f-4960-99f7-4b70a2943134,,2025-08-14T20:24:04,2025-08-14T20:24:04,detection,animal,Chironomidae,1,,,,object_24114,0.38571286718913,0.818283962673611,0.024329005577329976,0.03267096625433996,machine,Diopsis 2025,,0.655176043510437,"{body_length_mm: 4.03218090672636}, {biomass_mg: 1.17406320599298}"
468afd53-08a6-4637-b19a-75a94ca85238,DIOPSIS-231_Boer4_-_Controle_1,9ab5c5b9-397f-4960-99f7-4b70a2943134,,2025-08-14T20:24:04,2025-08-14T20:24:04,detection,unknown,Chironomidae,1,,,,object_24201,0.400192642848758,0.593313191731771,0.04253381082729102,0.055539889865451,machine,Diopsis 2025,,0.458943396806717,"{body_length_mm: 3.45318056967114}, {biomass_mg: 0.780976531855925}"
42093c0f-ebd5-4fb2-9eba-0097e71d15fc,DIOPSIS-231_Boer4_-_Controle_1,9ab5c5b9-397f-4960-99f7-4b70a2943134,,2025-08-14T20:24:04,2025-08-14T20:24:04,detection,animal,Chironomidae,1,,,,object_24224,0.411022256332168,0.696053263346354,0.023536745813335036,0.03123725043402803,machine,Diopsis 2025,,0.975716650485992,"{body_length_mm: 5.66768097767219}, {biomass_mg: 2.87460017743751}"
64bedd2f-44f7-4a05-9e25-036f237c0d5d,DIOPSIS-231_Boer4_-_Controle_1,9ab5c5b9-397f-4960-99f7-4b70a2943134,,2025-08-14T20:24:04,2025-08-14T20:24:04,detection,animal,Chironomidae,1,,,,object_24179,0.581362206868218,0.212979193793403,0.056810535055169975,0.07615034315321198,machine,Diopsis 2025,,0.666436731815338,"{body_length_mm: 12.8891240721707}, {biomass_mg: 24.9464532057898}"
f841bd9f-e62f-47b8-9596-34c920af3e80,DIOPSIS-231_Boer4_-_Controle_1,9ab5c5b9-397f-4960-99f7-4b70a2943134,,2025-08-14T20:24:04,2025-08-14T20:24:04,detection,animal,Chironomidae,1,,,,object_24225,0.803951358954377,0.147038421630859,0.050048165806944045,0.06768261379665799,machine,Diopsis 2025,,0.666407783826192,"{body_length_mm: 7.6102133352099}, {biomass_mg: 6.240148448201}"
a2402e14-36f8-4762-832a-c2554d678a95,DIOPSIS-231_Boer4_-_Controle_1,9ab5c5b9-397f-4960-99f7-4b70a2943134,,2025-08-14T20:24:04,2025-08-14T20:24:04,detection,unknown,Chironomidae,1,,,,object_24217,0.911347607340359,0.874297960069445,0.06574169025198195,0.08378044976128396,machine,Diopsis 2025,,0.486905008554459,"{body_length_mm: 10.1997483908087}, {biomass_mg: 13.4806716584838}"
e95f6fc0-5d09-4068-b11d-91fa87503694,DIOPSIS-231_Boer4_-_Controle_1,9ab5c5b9-397f-4960-99f7-4b70a2943134,,2025-08-14T20:24:04,2025-08-14T20:24:04,detection,animal,Crambidae,1,,,,object_24221,0.154546237748135,0.251125827365451,0.021551001649070006,0.02843237982855895,machine,Diopsis 2025,,0.887148052453995,"{body_length_mm: 2.56269318174371}, {biomass_mg: 0.356445673792794}"
78ea4bbb-38d3-4842-8310-678cedebc512,DIOPSIS-231_Boer4_-_Controle_1,9ab5c5b9-397f-4960-99f7-4b70a2943134,,2025-08-14T20:24:04,2025-08-14T20:24:04,detection,animal,Ephemeroptera,1,,,,object_24129,0.623345682338403,0.773547498914931,0.04217809508360193,0.05604532877604096,machine,Diopsis 2025,,0.862142443656921,"{body_length_mm: 6.76990508902422}, {biomass_mg: 1.63786710335564}"
475c28a5-0673-4d64-85b2-15b8f84d31ef,DIOPSIS-231_Boer4_-_Controle_1,9ab5c5b9-397f-4960-99f7-4b70a2943134,,2025-08-14T20:24:04,2025-08-14T20:24:04,detection,animal,Too small for identification,1,,,,object_24226,0.610192045743557,0.6518359375,0.03978799300918201,0.05627366807725698,machine,Diopsis 2025,,0.593145489692688,"{body_length_mm: 2.44775488243816}, {biomass_mg: 0.247723282390341}"
f3212f23-db99-4673-8ecb-ca92fa08594a,DIOPSIS-231_Boer4_-_Controle_1,9ab5c5b9-397f-4960-99f7-4b70a2943134,,2025-08-14T20:24:04,2025-08-14T20:24:04,detection,animal,Lepidoptera,1,,,,object_24215,0.451208659125887,0.483669264051649,0.04427402604601405,0.05876081678602496,machine,Diopsis 2025,,0.601695716381073,"{body_length_mm: 4.18184939005112}, {biomass_mg: 0.98872915986082}"
5c47e1a4-83d8-4905-86d5-dd85a452a44e,DIOPSIS-231_Boer4_-_Controle_1,9ab5c5b9-397f-4960-99f7-4b70a2943134,,2025-08-14T20:24:04,2025-08-14T20:24:04,detection,unknown,Too small for identification,1,,,,object_24207,0.40038438392601,0.437239617241754,0.030232246411662,0.04019961886935702,machine,Diopsis 2025,,1.0,"{body_length_mm: 2.85886589197746}, {biomass_mg: 0.475237721237531}"
23fe6360-4981-43c3-81a0-146baf3405a7,DIOPSIS-231_Boer4_-_Controle_1,9ab5c5b9-397f-4960-99f7-4b70a2943134,,2025-08-14T20:24:04,2025-08-14T20:24:04,detection,unknown,Too small for identification,1,,,,object_24227,0.707189747805587,0.542494506835938,0.022092586765704025,0.02976331922742992,machine,Diopsis 2025,,1.0,"{body_length_mm: 2.8169218515334}, {biomass_mg: 0.457118686786301}"
2448be9f-95d2-4d8e-ab6e-8b7327eabcf6,DIOPSIS-231_Boer4_-_Controle_1,9ab5c5b9-397f-4960-99f7-4b70a2943134,,2025-08-14T20:24:04,2025-08-14T20:24:04,detection,unknown,Too small for identification,1,,,,object_24184,0.70775139351719,0.708470526801215,0.022157188249948057,0.029242824978298998,machine,Diopsis 2025,,1.0,"{body_length_mm: 2.16472063584313}, {biomass_mg: 0.228679976637173}"
5be597fb-ee0c-4dbf-986a-5293987636a5,DIOPSIS-231_Boer4_-_Controle_1,9fa9cfdb-d527-44c3-aca4-592f0d1b2aea,,2025-08-14T20:47:05,2025-08-14T20:47:05,detection,animal,Caenidae,1,,,,object_24335,0.159339395309728,0.458118693033854,0.022425465273340023,0.030300801595051996,machine,Diopsis 2025,,0.998037725687027,"{body_length_mm: 2.24286093918663}, {biomass_mg: 0.25103335399712}"
c56a2618-00e1-42bc-b792-5ddcf7653533,DIOPSIS-231_Boer4_-_Controle_1,9fa9cfdb-d527-44c3-aca4-592f0d1b2aea,,2025-08-14T20:47:05,2025-08-14T20:47:05,detection,animal,Caenidae,1,,,,object_24336,0.188716933006834,0.729720458984375,0.024233020406733002,0.034580281575521066,machine,Diopsis 2025,,0.991595923900604,"{body_length_mm: 5.82736936500818}, {biomass_mg: 3.09253093081052}"
436473dc-7740-466c-b640-c009ecbbfbe1,DIOPSIS-231_Boer4_-_Controle_1,9fa9cfdb-d527-44c3-aca4-592f0d1b2aea,,2025-08-14T20:47:05,2025-08-14T20:47:05,detection,animal,Caenidae,1,,,,object_24347,0.201962733706568,0.270852491590712,0.021598599390911993,0.028572387695312007,machine,Diopsis 2025,,0.913601517677307,"{body_length_mm: 5.68646703787912}, {biomass_mg: 2.89972690567312}"
cd8ccc77-41f5-490e-9bfc-eb9a5d2517f5,DIOPSIS-231_Boer4_-_Controle_1,9fa9cfdb-d527-44c3-aca4-592f0d1b2aea,,2025-08-14T20:47:05,2025-08-14T20:47:05,detection,unknown,Too small for identification,1,,,,object_24435,0.499783625785815,0.32291252983941,0.022218987619338992,0.030511169433594,machine,Diopsis 2025,,0.49558636546135,"{body_length_mm: 3.49036197217362}, {biomass_mg: 0.803286718486966}"
0beee4a4-b556-4973-b3b2-d83cdf7b435b,DIOPSIS-231_Boer4_-_Controle_1,9fa9cfdb-d527-44c3-aca4-592f0d1b2aea,,2025-08-14T20:47:05,2025-08-14T20:47:05,detection,unknown,Chironomidae,1,,,,object_24415,0.319669210851093,0.293145412868924,0.04739160808378601,0.063523729112413,machine,Diopsis 2025,,0.499848425388336,"{body_length_mm: 1.53249464865167}, {biomass_mg: 0.0921977955229658}"
c45925aa-4ce6-458e-8792-515687ae7582,DIOPSIS-231_Boer4_-_Controle_1,9fa9cfdb-d527-44c3-aca4-592f0d1b2aea,,2025-08-14T20:47:05,2025-08-14T20:47:05,detection,animal,Chironomidae,1,,,,object_24425,0.513060759224358,0.765668741861979,0.05596006772355,0.07548285590277803,machine,Diopsis 2025,,0.955971390008926,"{body_length_mm: 3.54349076388093}, {biomass_mg: 0.835844688771069}"
576ea9da-4433-47fd-8a6a-ca613147aef6,DIOPSIS-231_Boer4_-_Controle_1,9fa9cfdb-d527-44c3-aca4-592f0d1b2aea,,2025-08-14T20:47:05,2025-08-14T20:47:05,detection,animal,Chironomidae,1,,,,object_24344,0.828367765041345,0.65995598687066,0.05061796312539102,0.06742628309461796,machine,Diopsis 2025,,0.999287813901901,"{body_length_mm: 11.815697169318}, {biomass_mg: 19.8467477391029}"
14c5a969-a43e-42af-8101-94a506adffd4,DIOPSIS-231_Boer4_-_Controle_1,9fa9cfdb-d527-44c3-aca4-592f0d1b2aea,,2025-08-14T20:47:05,2025-08-14T20:47:05,detection,unknown,Chironomidae,1,,,,object_24430,0.886534523685309,0.522180006239149,0.050972099495251944,0.0675515747070321,machine,Diopsis 2025,,0.499896794557571,"{body_length_mm: 8.57036729485794}, {biomass_mg: 8.52922885987606}"
1522b79f-00e0-4b42-a5c2-2ad3fbd0d408,DIOPSIS-231_Boer4_-_Controle_1,9fa9cfdb-d527-44c3-aca4-592f0d1b2aea,,2025-08-14T20:47:05,2025-08-14T20:47:05,detection,animal,Crambidae,1,,,,object_24399,0.0,0.551794704861111,0.0456592133128782,0.06412597656249996,machine,Diopsis 2025,,0.991110324859619,"{body_length_mm: 17.3277808346774}, {biomass_mg: 54.3269349469538}"
aba71387-74a0-4380-a8bc-ec9ca5107dc8,DIOPSIS-231_Boer4_-_Controle_1,9fa9cfdb-d527-44c3-aca4-592f0d1b2aea,,2025-08-14T20:47:05,2025-08-14T20:47:05,detection,animal,Crambidae,1,,,,object_24431,0.399394142010773,0.670238783094618,0.04767217620187297,0.06420321994357592,machine,Diopsis 2025,,0.982952058315277,"{body_length_mm: 15.5830059198357}, {biomass_mg: 41.0954749907002}"
d3eccc59-fb03-4342-a996-e957a292da04,DIOPSIS-231_Boer4_-_Controle_1,9fa9cfdb-d527-44c3-aca4-592f0d1b2aea,,2025-08-14T20:47:05,2025-08-14T20:47:05,detection,unknown,Crambidae,1,,,,object_24433,0.824998553089785,0.223588612874349,0.04845895910501907,0.06580825805664098,machine,Diopsis 2025,,0.499410837888718,"{body_length_mm: 23.4066678734534}, {biomass_mg: 119.807604240171}"
7b787378-9d86-4481-ab1a-8c08a9249986,DIOPSIS-231_Boer4_-_Controle_1,9fa9cfdb-d527-44c3-aca4-592f0d1b2aea,,2025-08-14T20:47:05,2025-08-14T20:47:05,detection,animal,Lepidoptera,1,,,,object_24427,0.268527099405585,0.401810607910156,0.04278332641805299,0.057636142306857985,machine,Diopsis 2025,,0.51337143778801,"{body_length_mm: 2.58215184562514}, {biomass_mg: 0.98872915986082}"
c0a0cc38-5ebd-460b-91eb-6e6253638482,DIOPSIS-231_Boer4_-_Controle_1,9fa9cfdb-d527-44c3-aca4-592f0d1b2aea,,2025-08-14T20:47:05,2025-08-14T20:47:05,detection,animal,Lepidoptera,1,,,,object_24436,0.396333290061887,0.411398179796007,0.046204148230448994,0.06145643446180599,machine,Diopsis 2025,,0.933232963085175,"{body_length_mm: 6.67032950979812}, {biomass_mg: 2.43153666813487}"
46816681-10e4-43b4-abad-bca2ca4f5f89,DIOPSIS-231_Boer4_-_Controle_1,9fa9cfdb-d527-44c3-aca4-592f0d1b2aea,,2025-08-14T20:47:05,2025-08-14T20:47:05,detection,unknown,Miridae,1,,,,object_24397,0.596439520783337,0.489285244411892,0.03433568887599103,0.04531012641059101,machine,Diopsis 2025,,0.499104738235474,"{body_length_mm: 6.14955048137984}, {biomass_mg: 3.56270054616511}"
9d3f838f-3e7a-4bdb-b26f-b57f7053952b,DIOPSIS-231_Boer4_-_Controle_1,9fa9cfdb-d527-44c3-aca4-592f0d1b2aea,,2025-08-14T20:47:05,2025-08-14T20:47:05,detection,unknown,Too small for identification,1,,,,object_24423,0.0699787872263505,0.402345547146267,0.04456512120012851,0.06065972222222299,machine,Diopsis 2025,,1.0,"{body_length_mm: 1.34214980978241}, {biomass_mg: 0.0650485873345285}"
8266ce8e-c81b-49fb-8bbe-e9057a9ed33a,DIOPSIS-231_Boer4_-_Controle_1,9fa9cfdb-d527-44c3-aca4-592f0d1b2aea,,2025-08-14T20:47:05,2025-08-14T20:47:05,detection,unknown,Too small for identification,1,,,,object_24379,0.277483881216415,0.214323543972439,0.028349658284642032,0.037515241834853025,machine,Diopsis 2025,,1.0,"{body_length_mm: 1.61339681881066}, {biomass_mg: 0.105555435275918}"
b9060529-0452-4ee6-ae7e-a5f7aea354a8,DIOPSIS-231_Boer4_-_Controle_1,9fa9cfdb-d527-44c3-aca4-592f0d1b2aea,,2025-08-14T20:47:05,2025-08-14T20:47:05,detection,unknown,Too small for identification,1,,,,object_24384,0.486270910909459,0.727061767578125,0.03010276323168798,0.038977525499132026,machine,Diopsis 2025,,1.0,"{body_length_mm: 1.10136231821841}, {biomass_mg: 0.0386720964597757}"
e668d691-0756-4e4d-bd1c-47d60b93b67f,DIOPSIS-231_Boer4_-_Controle_1,9fa9cfdb-d527-44c3-aca4-592f0d1b2aea,,2025-08-14T20:47:05,2025-08-14T20:47:05,detection,unknown,Too small for identification,1,,,,object_24421,0.491806055747209,0.242425587972005,0.05177752919905604,0.07024286905924501,machine,Diopsis 2025,,1.0,"{body_length_mm: 2.88505872003134}, {biomass_mg: 0.486774704957618}"
e0f09cc5-d663-43c9-bf03-1a2e38a24370,DIOPSIS-231_Boer4_-_Controle_1,9fa9cfdb-d527-44c3-aca4-592f0d1b2aea,,2025-08-14T20:47:05,2025-08-14T20:47:05,detection,unknown,Too small for identification,1,,,,object_24380,0.707676755367018,0.708106079101563,0.02192191249739095,0.029667697482637978,machine,Diopsis 2025,,1.0,"{body_length_mm: 2.59438164118921}, {biomass_mg: 0.36815466926228}"
a937ea6e-6490-4857-812b-7e4a191718cb,DIOPSIS-231_Boer4_-_Controle_1,d7dff2d5-8d1a-4ea6-84c1-64359115d50b,,2025-08-14T20:59:45,2025-08-14T20:59:45,detection,unknown,Caenidae,1,,,,object_24513,0.0,0.553398776584201,0.0364809625335846,0.055366143120660016,machine,Diopsis 2025,,0.280963222185771,"{body_length_mm: 6.78478336711732}, {biomass_mg: 4.61382264931644}"
8b7c1175-e590-4655-b8fa-2f9687e9252f,DIOPSIS-231_Boer4_-_Controle_1,d7dff2d5-8d1a-4ea6-84c1-64359115d50b,,2025-08-14T20:59:45,2025-08-14T20:59:45,detection,animal,Caenidae,1,,,,object_24335,0.15990853031012,0.458336520724826,0.021647063240981007,0.029248012966579973,machine,Diopsis 2025,,0.99903130531311,"{body_length_mm: 4.73054129731293}, {biomass_mg: 1.78705022774719}"
8c60f4f3-50d6-46b9-bf09-331642da9a28,DIOPSIS-231_Boer4_-_Controle_1,d7dff2d5-8d1a-4ea6-84c1-64359115d50b,,2025-08-14T20:59:45,2025-08-14T20:59:45,detection,unknown,Caenidae,1,,,,object_24464,0.187226488116588,0.728880954318576,0.028444522609295975,0.03836493598090296,machine,Diopsis 2025,,0.333267152309418,"{body_length_mm: 5.55996474641848}, {biomass_mg: 2.73313267590359}"
a18faf0a-99c1-49d7-abc6-1881d2971385,DIOPSIS-231_Boer4_-_Controle_1,d7dff2d5-8d1a-4ea6-84c1-64359115d50b,,2025-08-14T20:59:45,2025-08-14T20:59:45,detection,animal,Caenidae,1,,,,object_24514,0.200788825899611,0.27032969156901,0.02398605219310901,0.030551723904080008,machine,Diopsis 2025,,0.958727121353149,"{body_length_mm: 2.2844272570035}, {biomass_mg: 0.263454512407532}"
940a9071-016e-4319-8e92-9ce1006f3354,DIOPSIS-231_Boer4_-_Controle_1,d7dff2d5-8d1a-4ea6-84c1-64359115d50b,,2025-08-14T20:59:45,2025-08-14T20:59:45,detection,animal,Chironomidae,1,,,,object_24437,0.458975357284928,0.654236246744792,0.023357104777493976,0.030843641493055074,machine,Diopsis 2025,,0.749647617340088,"{body_length_mm: 1.55088533751283}, {biomass_mg: 0.095136208555516}"
67e2fa96-0a4b-4584-ac01-99ed9c7f7f75,DIOPSIS-231_Boer4_-_Controle_1,d7dff2d5-8d1a-4ea6-84c1-64359115d50b,,2025-08-14T20:59:45,2025-08-14T20:59:45,detection,animal,Chironomidae,1,,,,object_24465,0.619164672240192,0.848103569878472,0.05275297085311503,0.06948072645399295,machine,Diopsis 2025,,0.999971151351929,"{body_length_mm: 8.19690863409747}, {biomass_mg: 7.58614261159831}"
be964e4b-fd01-4017-83d3-541cef998962,DIOPSIS-231_Boer4_-_Controle_1,d7dff2d5-8d1a-4ea6-84c1-64359115d50b,,2025-08-14T20:59:45,2025-08-14T20:59:45,detection,unknown,Chironomidae,1,,,,object_24507,0.705074202039206,0.65571051703559,0.07006942927339799,0.08376925998263896,machine,Diopsis 2025,,0.348999209702015,"{body_length_mm: 7.71216468517214}, {biomass_mg: 6.46241598838164}"
aa1b1ca9-8a77-475a-951f-3c17600c961d,DIOPSIS-231_Boer4_-_Controle_1,d7dff2d5-8d1a-4ea6-84c1-64359115d50b,,2025-08-14T20:59:45,2025-08-14T20:59:45,detection,animal,Chironomidae,1,,,,object_24516,0.708076082207325,0.910704345703125,0.057877121863260994,0.07202229817708306,machine,Diopsis 2025,,0.998385310173035,"{body_length_mm: 9.22104072550753}, {biomass_mg: 10.3393323888274}"
f20cabfa-cdca-461f-a392-aa649f4d1dd3,DIOPSIS-231_Boer4_-_Controle_1,d7dff2d5-8d1a-4ea6-84c1-64359115d50b,,2025-08-14T20:59:45,2025-08-14T20:59:45,detection,animal,Crambidae,1,,,,object_24508,0.342567074477971,0.71013176812066,0.04812683207363899,0.06411607530381902,machine,Diopsis 2025,,0.975305646657944,"{body_length_mm: 3.38882564371924}, {biomass_mg: 0.743277037277785}"
0d061d2c-c065-4d72-bef2-08215477c723,DIOPSIS-231_Boer4_-_Controle_1,d7dff2d5-8d1a-4ea6-84c1-64359115d50b,,2025-08-14T20:59:45,2025-08-14T20:59:45,detection,animal,Crambidae,1,,,,object_24504,0.358553725610392,0.349339735243056,0.04687897390833701,0.06355580647786402,machine,Diopsis 2025,,0.991211950778961,"{body_length_mm: 6.29786089171645}, {biomass_mg: 3.79314122112942}"
f93e5f63-7521-4825-b49c-c66343585ace,DIOPSIS-231_Boer4_-_Controle_1,d7dff2d5-8d1a-4ea6-84c1-64359115d50b,,2025-08-14T20:59:45,2025-08-14T20:59:45,detection,animal,Lepidoptera,1,,,,object_24512,0.212152165841181,0.449637790256076,0.04698150583818003,0.063396877712674,machine,Diopsis 2025,,0.740255832672119,"{body_length_mm: 5.77956863788412}, {biomass_mg: 1.55428447245315}"
385dfd15-501c-4c7d-8d53-d3779a61c292,DIOPSIS-231_Boer4_-_Controle_1,d7dff2d5-8d1a-4ea6-84c1-64359115d50b,,2025-08-14T20:59:45,2025-08-14T20:59:45,detection,unknown,Too small for identification,1,,,,object_24501,0.304607970885721,0.173106163872613,0.053932228152063,0.07149264865451402,machine,Diopsis 2025,,1.0,"{body_length_mm: 2.27610684120884}, {biomass_mg: 0.260938348142186}"
c071553b-204f-4a5b-9096-ad2f5ca4acad,DIOPSIS-231_Boer4_-_Controle_1,d7dff2d5-8d1a-4ea6-84c1-64359115d50b,,2025-08-14T20:59:45,2025-08-14T20:59:45,detection,unknown,Too small for identification,1,,,,object_24499,0.67836892664532,0.448318006727431,0.030506216822960952,0.041305304633246,machine,Diopsis 2025,,1.0,"{body_length_mm: 2.38623363320862}, {biomass_mg: 0.295465206558402}"
63510e83-fe40-49e6-a4ba-4556d16c0ebf,DIOPSIS-231_Boer4_-_Controle_1,1d41b186-5c1c-4821-995f-fbcfc5384018,,2025-08-14T21:05:13,2025-08-14T21:05:13,detection,animal,Caenidae,1,,,,object_24335,0.159628942932231,0.458144293891059,0.022028010755229976,0.029973517523872006,machine,Diopsis 2025,,0.999650239944458,"{body_length_mm: 1.96233462056608}, {biomass_mg: 0.176650315829812}"
15f5b370-38ac-461e-bc1e-f341b31098e1,DIOPSIS-231_Boer4_-_Controle_1,1d41b186-5c1c-4821-995f-fbcfc5384018,,2025-08-14T21:05:13,2025-08-14T21:05:13,detection,animal,Caenidae,1,,,,object_24464,0.188895389512306,0.729813368055556,0.024504532599090995,0.034577568901908995,machine,Diopsis 2025,,0.998934268951416,"{body_length_mm: 8.56127667136445}, {biomass_mg: 8.50545584633673}"
44cc3db7-da9d-428a-b691-7a69ca638bba,DIOPSIS-231_Boer4_-_Controle_1,1d41b186-5c1c-4821-995f-fbcfc5384018,,2025-08-14T21:05:13,2025-08-14T21:05:13,detection,animal,Caenidae,1,,,,object_24545,0.202366620351954,0.271262512207031,0.02123254129604002,0.028204108344183965,machine,Diopsis 2025,,0.983239382505417,"{body_length_mm: 2.654680675477}, {biomass_mg: 0.391087174094088}"
da77b339-86cb-421f-bf09-365ce16b8613,DIOPSIS-231_Boer4_-_Controle_1,1d41b186-5c1c-4821-995f-fbcfc5384018,,2025-08-14T21:05:13,2025-08-14T21:05:13,detection,animal,Caenidae,1,,,,object_24516,0.623208633448325,0.745943806966146,0.05578113995330802,0.07643283420138891,machine,Diopsis 2025,,0.584743678569794,"{body_length_mm: 2.46137804508322}, {biomass_mg: 0.320568055463783}"
b562b9e9-ce22-4c65-9649-b1bc0cf83665,DIOPSIS-231_Boer4_-_Controle_1,1d41b186-5c1c-4821-995f-fbcfc5384018,,2025-08-14T21:05:13,2025-08-14T21:05:13,detection,animal,Chironomidae,1,,,,object_24538,0.0426380049207174,0.35043450249566,0.0530223623540048,0.07212395562065899,machine,Diopsis 2025,,0.999429762363434,"{body_length_mm: 10.1341406833466}, {biomass_mg: 13.2538141907137}"
1d2b512b-d53d-491d-a6e4-73a5370d63d2,DIOPSIS-231_Boer4_-_Controle_1,1d41b186-5c1c-4821-995f-fbcfc5384018,,2025-08-14T21:05:13,2025-08-14T21:05:13,detection,unknown,Chironomidae,1,,,,object_24559,0.398966768548166,0.733871799045139,0.022510025457467997,0.030301038953993054,machine,Diopsis 2025,,0.499916315078735,"{body_length_mm: 1.88943080961156}, {biomass_mg: 0.159908579662985}"
da8c9284-8b93-454a-9182-04c8e9a2c176,DIOPSIS-231_Boer4_-_Controle_1,1d41b186-5c1c-4821-995f-fbcfc5384018,,2025-08-14T21:05:13,2025-08-14T21:05:13,detection,animal,Chironomidae,1,,,,object_24554,0.498321380360497,0.624054497612847,0.033552013772955025,0.04309746636284695,machine,Diopsis 2025,,0.980523318052292,"{body_length_mm: 5.28715942021198}, {biomass_mg: 2.39439711987721}"
d296c864-e5b5-4cf2-99f9-edd907f29a82,DIOPSIS-231_Boer4_-_Controle_1,1d41b186-5c1c-4821-995f-fbcfc5384018,,2025-08-14T21:05:13,2025-08-14T21:05:13,detection,animal,Chironomidae,1,,,,object_24534,0.586876972688856,0.836245795355903,0.05333927517542303,0.07043897840711799,machine,Diopsis 2025,,0.999904632568359,"{body_length_mm: 8.31604416492465}, {biomass_mg: 7.87956794643829}"
e6f561fc-7cb3-4523-afdd-1d31b5422e3f,DIOPSIS-231_Boer4_-_Controle_1,1d41b186-5c1c-4821-995f-fbcfc5384018,,2025-08-14T21:05:13,2025-08-14T21:05:13,detection,animal,Chironomidae,1,,,,object_24532,0.674098809294788,0.152673831515842,0.023502610959672987,0.031695590549045,machine,Diopsis 2025,,0.873654782772064,"{body_length_mm: 3.70164205025069}, {biomass_mg: 0.937558940271738}"
96441a51-6fd8-41b1-a918-a926727c7476,DIOPSIS-231_Boer4_-_Controle_1,1d41b186-5c1c-4821-995f-fbcfc5384018,,2025-08-14T21:05:13,2025-08-14T21:05:13,detection,unknown,Chironomidae,1,,,,object_24555,0.73695167197608,0.482932773166233,0.04475558222036702,0.059781901041665975,machine,Diopsis 2025,,0.487545609474182,"{body_length_mm: 4.2000141694833}, {biomass_mg: 1.30698541700586}"
bf307bcf-d845-4a3c-8009-f0fa45526622,DIOPSIS-231_Boer4_-_Controle_1,1d41b186-5c1c-4821-995f-fbcfc5384018,,2025-08-14T21:05:13,2025-08-14T21:05:13,detection,animal,Chironomidae,1,,,,object_24558,0.813576113998591,0.385706549750434,0.03392168914336402,0.045154012044271,machine,Diopsis 2025,,0.996096312999725,"{body_length_mm: 4.97663343870364}, {biomass_mg: 2.04202955245981}"
5a8fcef0-0dcc-420d-bdfe-7562388173bf,DIOPSIS-231_Boer4_-_Controle_1,1d41b186-5c1c-4821-995f-fbcfc5384018,,2025-08-14T21:05:13,2025-08-14T21:05:13,detection,animal,Chironomidae,1,,,,object_24525,0.849721052013773,0.611175808376736,0.06437008050526893,0.08283535427517397,machine,Diopsis 2025,,0.999843597412109,"{body_length_mm: 17.1579875791348}, {biomass_mg: 52.9380272118265}"
2db29456-bf28-4355-b931-512e153563b6,DIOPSIS-231_Boer4_-_Controle_1,1d41b186-5c1c-4821-995f-fbcfc5384018,,2025-08-14T21:05:13,2025-08-14T21:05:13,detection,unknown,Too small for identification,1,,,,object_24514,0.280380911341494,0.216678619384766,0.02228618742826599,0.030063747829860987,machine,Diopsis 2025,,1.0,"{body_length_mm: 1.99846374128346}, {biomass_mg: 0.185332870827661}"
f32aeb27-2e0b-47b8-924d-38d2453566cf,DIOPSIS-231_Boer4_-_Controle_1,c93733e2-7519-4e8e-b3bd-a7ead5b95052,,2025-08-14T21:46:11,2025-08-14T21:46:11,detection,animal,Caenidae,1,,,,object_24812,0.189184758818408,0.732549845377604,0.023046655925566012,0.03070237901475692,machine,Diopsis 2025,,0.542670389016469,"{body_length_mm: 4.33683638469909}, {biomass_mg: 1.42195660981541}"
e458bde4-80bd-4719-b974-c3c3f7fa589c,DIOPSIS-231_Boer4_-_Controle_1,c93733e2-7519-4e8e-b3bd-a7ead5b95052,,2025-08-14T21:46:11,2025-08-14T21:46:11,detection,animal,Caenidae,1,,,,object_24895,0.202331186335951,0.271752421061198,0.020776840999646995,0.027216762966579988,machine,Diopsis 2025,,0.987722635269165,"{body_length_mm: 6.05988151328558}, {biomass_mg: 3.42769304732483}"
0322f09f-21ac-4711-b865-63f55aef36de,DIOPSIS-231_Boer4_-_Controle_1,c93733e2-7519-4e8e-b3bd-a7ead5b95052,,2025-08-14T21:46:11,2025-08-14T21:46:11,detection,animal,Chironomidae,1,,,,object_24698,0.137399345487107,0.443040839301215,0.045561610557799004,0.06085886637369803,machine,Diopsis 2025,,0.99769115447998,"{body_length_mm: 3.25887203438459}, {biomass_mg: 0.670638177996766}"
35fd6028-e90f-4617-8cf6-2830d9485751,DIOPSIS-231_Boer4_-_Controle_1,c93733e2-7519-4e8e-b3bd-a7ead5b95052,,2025-08-14T21:46:11,2025-08-14T21:46:11,detection,unknown,Chironomidae,1,,,,object_24921,0.333852471811744,0.625767618815104,0.04487811106075201,0.05962531195746601,machine,Diopsis 2025,,0.499068975448608,"{body_length_mm: 1.55846851892743}, {biomass_mg: 0.0963645025869124}"
771293ee-6639-4969-af06-bde286fae193,DIOPSIS-231_Boer4_-_Controle_1,c93733e2-7519-4e8e-b3bd-a7ead5b95052,,2025-08-14T21:46:11,2025-08-14T21:46:11,detection,animal,Chironomidae,1,,,,object_24943,0.434528382672292,0.115991812811957,0.032693649572204,0.04428198072645401,machine,Diopsis 2025,,0.995608508586884,"{body_length_mm: 3.63316029976264}, {biomass_mg: 0.892626235747103}"
0a626d54-d485-46b7-8846-311e452627a3,DIOPSIS-231_Boer4_-_Controle_1,c93733e2-7519-4e8e-b3bd-a7ead5b95052,,2025-08-14T21:46:11,2025-08-14T21:46:11,detection,animal,Chironomidae,1,,,,object_24917,0.627969936058796,0.0139005109998914,0.050564722943186924,0.0684910074869792,machine,Diopsis 2025,,0.999711215496063,"{body_length_mm: 5.51607202946342}, {biomass_mg: 2.67675095905374}"
d2e369bb-916d-4dbe-80e7-b452f187ab02,DIOPSIS-231_Boer4_-_Controle_1,c93733e2-7519-4e8e-b3bd-a7ead5b95052,,2025-08-14T21:46:11,2025-08-14T21:46:11,detection,animal,Crambidae,1,,,,object_24904,0.204753945785293,0.46345957438151,0.054431361228676034,0.07208889431423704,machine,Diopsis 2025,,0.995603442192078,"{body_length_mm: 24.0393570356578}, {biomass_mg: 128.513379459515}"
22c76340-8c36-47ad-af84-332cf995fbe7,DIOPSIS-231_Boer4_-_Controle_1,c93733e2-7519-4e8e-b3bd-a7ead5b95052,,2025-08-14T21:46:11,2025-08-14T21:46:11,detection,animal,Crambidae,1,,,,object_24934,0.227157923932466,0.546484171549479,0.045888197043900986,0.06319308810763902,machine,Diopsis 2025,,0.595360338687897,"{body_length_mm: 5.21654402880781}, {biomass_mg: 2.31120368861319}"
7a1c1fbb-bb37-4f14-84c3-15810a9fc23d,DIOPSIS-231_Boer4_-_Controle_1,c93733e2-7519-4e8e-b3bd-a7ead5b95052,,2025-08-14T21:46:11,2025-08-14T21:46:11,detection,unknown,Lepidoptera,1,,,,object_24944,0.0,0.49223388671875,0.037029884096378,0.058624742296007004,machine,Diopsis 2025,,0.375056594610214,"{body_length_mm: 7.11054095171017}, {biomass_mg: 5.21945554732822}"
7b157c21-b688-4c4b-8534-89cd0103f074,DIOPSIS-231_Boer4_-_Controle_1,c93733e2-7519-4e8e-b3bd-a7ead5b95052,,2025-08-14T21:46:11,2025-08-14T21:46:11,detection,unknown,Hymenoptera,1,,,,object_24942,0.794032025217811,0.686511908637153,0.05119789900485194,0.06747151692708309,machine,Diopsis 2025,,0.499845266342163,"{body_length_mm: 8.36205380397739}, {biomass_mg: 4.22705767248128}"
9ca0feb9-477f-4ba4-bf51-3521243e72a5,DIOPSIS-231_Boer4_-_Controle_1,c93733e2-7519-4e8e-b3bd-a7ead5b95052,,2025-08-14T21:46:11,2025-08-14T21:46:11,detection,animal,Lepidoptera,1,,,,object_24945,0.944425707070378,0.0834342447916666,0.04692737407397707,0.06321719699435739,machine,Diopsis 2025,,0.829720914363861,"{body_length_mm: 15.3018438304017}, {biomass_mg: 32.4835155041768}"
8df293db-4772-418a-9bfc-1b40bfab8858,DIOPSIS-231_Boer4_-_Controle_1,6a050f43-8a08-452a-b7c6-edccf02159bd,,2025-08-14T22:31:04,2025-08-14T22:31:04,detection,animal,Caenidae,1,,,,object_24987,0.20107418308672,0.270416870117188,0.02324675239983298,0.029344753689236003,machine,Diopsis 2025,,0.998624682426453,"{body_length_mm: 3.67401722651828}, {biomass_mg: 0.919268925866538}"
f55e054e-fcb5-4559-a531-4cbd2e1dbab6,DIOPSIS-231_Boer4_-_Controle_1,6a050f43-8a08-452a-b7c6-edccf02159bd,,2025-08-14T22:31:04,2025-08-14T22:31:04,detection,animal,Caenidae,1,,,,object_25023,0.707165191089968,0.707951185438368,0.02219055889046795,0.029981757269964993,machine,Diopsis 2025,,0.974073874950409,"{body_length_mm: 2.40657204390042}, {biomass_mg: 0.302134469954039}"
1eff240f-d3d8-49bf-bb6a-e97d4c2d9f42,DIOPSIS-231_Boer4_-_Controle_1,6a050f43-8a08-452a-b7c6-edccf02159bd,,2025-08-14T22:31:04,2025-08-14T22:31:04,detection,animal,Chironomidae,1,,,,object_24983,0.412387446688491,0.151846771240234,0.031339412937579025,0.041071997748481,machine,Diopsis 2025,,0.996063053607941,"{body_length_mm: 6.84085823363906}, {biomass_mg: 4.71478732734744}"
8dbfdbe7-4665-44ca-ab3a-21a14688ce2e,DIOPSIS-231_Boer4_-_Controle_1,6a050f43-8a08-452a-b7c6-edccf02159bd,,2025-08-14T22:31:04,2025-08-14T22:31:04,detection,animal,Diptera,1,,,,object_24812,0.189633453827669,0.7331396484375,0.021423772897863014,0.028431871202256986,machine,Diopsis 2025,,0.743559300899506,"{body_length_mm: 3.82905141515447}, {biomass_mg: 0.808327195758356}"
0fff3b0c-92eb-4623-87be-a71c29628d71,DIOPSIS-231_Boer4_-_Controle_1,6a050f43-8a08-452a-b7c6-edccf02159bd,,2025-08-14T22:31:04,2025-08-14T22:31:04,detection,animal,Lepidoptera,1,,,,object_24984,0.0,0.465584140353733,0.0384356669074107,0.06521996392144097,machine,Diopsis 2025,,0.673549115657806,"{body_length_mm: 12.1809624024283}, {biomass_mg: 15.9364268198642}"
e6a75cff-8b25-4d8c-a7fc-068a2f937c1f,DIOPSIS-231_Boer4_-_Controle_1,6a050f43-8a08-452a-b7c6-edccf02159bd,,2025-08-14T22:31:04,2025-08-14T22:31:04,detection,unknown,Lepidoptera,1,,,,object_24946,0.222741459765299,0.54710442437066,0.04687349704748803,0.06385660807291604,machine,Diopsis 2025,,0.383907645940781,"{body_length_mm: 4.37290981438541}, {biomass_mg: 0.98872915986082}"
a3d64ab4-c155-4d55-b687-9f909b51a319,DIOPSIS-231_Boer4_-_Controle_1,6a050f43-8a08-452a-b7c6-edccf02159bd,,2025-08-14T22:31:04,2025-08-14T22:31:04,detection,unknown,Too small for identification,1,,,,object_25024,0.160920399457266,0.458975185818142,0.021338104604679997,0.02850558810763898,machine,Diopsis 2025,,1.0,"{body_length_mm: 2.60044633933142}, {biomass_mg: 0.370422383934985}"
8ef4143e-2f7e-4d9b-bb44-053f00dbb9f4,DIOPSIS-231_Boer4_-_Controle_1,0a21d4e4-3b01-4367-8f83-41494438b9f9,,2025-08-15T01:13:10,2025-08-15T01:13:10,detection,unknown,Too small for identification,1,,,,object_25092,0.191748948646507,0.735465223524306,0.02137521988959501,0.027742648654514035,machine,Diopsis 2025,,0.493683278560638,"{body_length_mm: 4.47301536034976}, {biomass_mg: 1.54241158740925}"
9b77f2e6-9035-4ffd-8917-a919115868b1,DIOPSIS-231_Boer4_-_Controle_1,0a21d4e4-3b01-4367-8f83-41494438b9f9,,2025-08-15T01:13:10,2025-08-15T01:13:10,detection,animal,Chironomidae,1,,,,object_25093,0.394594501374361,0.125001475016276,0.033505422245083016,0.04276801215277798,machine,Diopsis 2025,,0.995616257190704,"{body_length_mm: 5.06923010057544}, {biomass_mg: 2.14347650685038}"
ceee603c-5a68-447a-9424-5a3327958a13,DIOPSIS-231_Boer4_-_Controle_1,0a21d4e4-3b01-4367-8f83-41494438b9f9,,2025-08-15T01:13:10,2025-08-15T01:13:10,detection,unknown,Chironomidae,1,,,,object_25085,0.707677621475245,0.707626614040799,0.021698660364930955,0.029508870442708002,machine,Diopsis 2025,,0.499788492918015,"{body_length_mm: 2.79294958941059}, {biomass_mg: 0.446958499190239}"
d4424cdc-b580-44ed-a66f-cecd9ceb6962,DIOPSIS-231_Boer4_-_Controle_1,0a21d4e4-3b01-4367-8f83-41494438b9f9,,2025-08-15T01:13:10,2025-08-15T01:13:10,detection,animal,Lepidoptera,1,,,,object_25063,0.21998866213383,0.562507527669271,0.039440021291996974,0.054137030707465006,machine,Diopsis 2025,,0.864113390445709,"{body_length_mm: 8.06307416837588}, {biomass_mg: 4.39529504084337}"
3b1eb1bc-3321-4e10-b1ea-a52b07da0af6,DIOPSIS-231_Boer4_-_Controle_1,0a21d4e4-3b01-4367-8f83-41494438b9f9,,2025-08-15T01:13:10,2025-08-15T01:13:10,detection,unknown,Too small for identification,1,,,,object_25086,0.161304021717511,0.459122992621528,0.021177199527696006,0.028187459309896024,machine,Diopsis 2025,,1.0,"{body_length_mm: 2.60154295084016}, {biomass_mg: 0.37083335109819}"
0857220d-1d74-43d9-9b74-f1a3a278975b,DIOPSIS-231_Boer4_-_Controle_1,0a21d4e4-3b01-4367-8f83-41494438b9f9,,2025-08-15T01:13:10,2025-08-15T01:13:10,detection,unknown,Too small for identification,1,,,,object_25059,0.296777868509691,0.233722517225477,0.021919670805508995,0.029307539198134003,machine,Diopsis 2025,,1.0,"{body_length_mm: 1.74519074030581}, {biomass_mg: 0.129768140586605}"
7ae8e5b0-c2c4-4733-ad50-029fc5cbb61d,DIOPSIS-231_Boer4_-_Controle_1,0a21d4e4-3b01-4367-8f83-41494438b9f9,,2025-08-15T01:13:10,2025-08-15T01:13:10,detection,unknown,Too small for identification,1,,,,object_25083,0.41131041563413,0.697994656032986,0.021733559431734994,0.028593410915798922,machine,Diopsis 2025,,1.0,"{body_length_mm: 1.926074238745}, {biomass_mg: 0.168194311768345}"
d9964efe-eeb8-4ace-b991-f9d61a92c016,DIOPSIS-231_Boer4_-_Controle_1,bacc64c7-b512-4148-a068-234dfcad9a6e,,2025-08-15T01:56:47,2025-08-15T01:56:47,detection,animal,Caenidae,1,,,,object_25115,0.177233433285619,0.252743225097656,0.019933735587958995,0.027024739583334012,machine,Diopsis 2025,,0.989251434803009,"{body_length_mm: 2.79523514999104}, {biomass_mg: 0.447921091062647}"
100a27ce-46fe-4b39-b8f0-3754eaceed26,DIOPSIS-231_Boer4_-_Controle_1,bacc64c7-b512-4148-a068-234dfcad9a6e,,2025-08-15T01:56:47,2025-08-15T01:56:47,detection,animal,Chironomidae,1,,,,object_25110,0.396620048306422,0.127237379286024,0.031120797031510994,0.039877302381728014,machine,Diopsis 2025,,0.649146974086762,"{body_length_mm: 5.91932598317361}, {biomass_mg: 3.22253239875388}"
ad158228-cebf-4d5c-bdce-5e07527a5172,DIOPSIS-231_Boer4_-_Controle_1,bacc64c7-b512-4148-a068-234dfcad9a6e,,2025-08-15T01:56:47,2025-08-15T01:56:47,detection,unknown,Chironomidae,1,,,,object_25107,0.523721685393625,0.68133782280816,0.02460893685113208,0.032429945203993005,machine,Diopsis 2025,,0.498669654130936,"{body_length_mm: 2.83834019500851}, {biomass_mg: 0.466316466646408}"
84013c51-151b-4b27-b33e-88b960d40257,DIOPSIS-231_Boer4_-_Controle_1,bacc64c7-b512-4148-a068-234dfcad9a6e,,2025-08-15T01:56:47,2025-08-15T01:56:47,detection,animal,Too small for identification,1,,,,object_25116,0.219865623818017,0.556832275390625,0.04468249797024998,0.05956353081597199,machine,Diopsis 2025,,0.616567075252533,"{body_length_mm: 9.49981789383662}, {biomass_mg: 7.33364855720561}"
6cc31c74-26c0-4261-8c57-14aa76dc7d4a,DIOPSIS-231_Boer4_-_Controle_1,bacc64c7-b512-4148-a068-234dfcad9a6e,,2025-08-15T01:56:47,2025-08-15T01:56:47,detection,unknown,Too small for identification,1,,,,object_25112,0.16128017826749,0.45992418077257,0.020841022166665002,0.02777815077039897,machine,Diopsis 2025,,1.0,"{body_length_mm: 2.20749011120775}, {biomass_mg: 0.240754831471072}"
4ea46735-4108-4957-a71a-02172f581ac7,DIOPSIS-231_Boer4_-_Controle_1,bacc64c7-b512-4148-a068-234dfcad9a6e,,2025-08-15T01:56:47,2025-08-15T01:56:47,detection,unknown,Too small for identification,1,,,,object_25059,0.296297254864879,0.231409623887804,0.022706657498826,0.03421327379014699,machine,Diopsis 2025,,1.0,"{body_length_mm: 2.05535791044525}, {biomass_mg: 0.199533247700613}"
f347064a-afbf-4a0c-9c8e-0d359f5b618e,DIOPSIS-231_Boer4_-_Controle_1,bacc64c7-b512-4148-a068-234dfcad9a6e,,2025-08-15T01:56:47,2025-08-15T01:56:47,detection,unknown,Too small for identification,1,,,,object_25109,0.411585787102854,0.698404608832465,0.021684649790667032,0.028538547092013977,machine,Diopsis 2025,,1.0,"{body_length_mm: 2.55869555989229}, {biomass_mg: 0.354985172700654}"
fa71711f-8dee-46dc-ad96-00ee6bbeef0f,DIOPSIS-231_Boer4_-_Controle_1,bacc64c7-b512-4148-a068-234dfcad9a6e,,2025-08-15T01:56:47,2025-08-15T01:56:47,detection,unknown,Too small for identification,1,,,,object_25117,0.707623209499557,0.708536309136285,0.021545155418535966,0.028929850260416057,machine,Diopsis 2025,,1.0,"{body_length_mm: 2.43158034169679}, {biomass_mg: 0.310461917076022}"
91e20341-eddb-4515-a444-50b6b4357596,DIOPSIS-231_Boer4_-_Controle_1,e706900a-3621-46b3-9ff8-bcc6f5d48f30,,2025-08-15T02:44:19,2025-08-15T02:44:19,detection,animal,Caenidae,1,,,,object_25112,0.161200317994183,0.459936048719618,0.021398286389588017,0.028239949544271004,machine,Diopsis 2025,,0.666653951009115,"{body_length_mm: 1.32172754088269}, {biomass_mg: 0.0624776312618262}"
0f61b082-5ba6-4c3d-bee9-f12483d4c4a2,DIOPSIS-231_Boer4_-_Controle_1,e706900a-3621-46b3-9ff8-bcc6f5d48f30,,2025-08-15T02:44:19,2025-08-15T02:44:19,detection,animal,Caenidae,1,,,,object_25130,0.177148656574434,0.252803124321832,0.020146976528263,0.027329796685111984,machine,Diopsis 2025,,0.994570910930634,"{body_length_mm: 2.56587209776333}, {biomass_mg: 0.357609720725878}"
00f66036-492e-415c-8401-0e8dc1a0d393,DIOPSIS-231_Boer4_-_Controle_1,e706900a-3621-46b3-9ff8-bcc6f5d48f30,,2025-08-15T02:44:19,2025-08-15T02:44:19,detection,animal,Caenidae,1,,,,object_25131,0.190424694640808,0.733941650390625,0.023664726040797,0.03109944661458297,machine,Diopsis 2025,,0.560298979282379,"{body_length_mm: 6.95321425075067}, {biomass_mg: 4.92118184556178}"
7b4a35fe-00fc-42c8-a3e2-b3ebdef2e4aa,DIOPSIS-231_Boer4_-_Controle_1,e706900a-3621-46b3-9ff8-bcc6f5d48f30,,2025-08-15T02:44:19,2025-08-15T02:44:19,detection,unknown,Chironomidae,1,,,,object_25059,0.296519870153055,0.233985866970486,0.02190456485907505,0.029405348036024015,machine,Diopsis 2025,,0.499370366334915,"{body_length_mm: 1.65427782879348}, {biomass_mg: 0.112735702688997}"
84c7a75c-cf30-4b43-bd0a-dbbe45aef866,DIOPSIS-231_Boer4_-_Controle_1,e706900a-3621-46b3-9ff8-bcc6f5d48f30,,2025-08-15T02:44:19,2025-08-15T02:44:19,detection,unknown,Crambidae,1,,,,object_25109,0.221178822206933,0.559598456488715,0.04231644313602098,0.05740498860677101,machine,Diopsis 2025,,0.49819819132487,"{body_length_mm: 9.05292048738225}, {biomass_mg: 9.85089185531007}"
27460d5b-9f19-4a07-828e-547184cd0ff0,DIOPSIS-231_Boer4_-_Controle_1,e706900a-3621-46b3-9ff8-bcc6f5d48f30,,2025-08-15T02:44:19,2025-08-15T02:44:19,detection,animal,Lepidoptera,1,,,,object_25125,0.524308652033989,0.681516316731771,0.023746547794501027,0.030898437499999987,machine,Diopsis 2025,,0.770879149436951,"{body_length_mm: 5.64411649234611}, {biomass_mg: 1.44336311868621}"
dcf4de20-7281-4436-b5bd-fed77984075b,DIOPSIS-231_Boer4_-_Controle_1,e706900a-3621-46b3-9ff8-bcc6f5d48f30,,2025-08-15T02:44:19,2025-08-15T02:44:19,detection,unknown,Too small for identification,1,,,,object_25132,0.411536928409328,0.698316514756945,0.021525846299823015,0.02825493706597204,machine,Diopsis 2025,,1.0,"{body_length_mm: 1.32553864384808}, {biomass_mg: 0.0629525387905263}"
6666efa0-610a-463e-b7a8-0f8107fb2f39,DIOPSIS-231_Boer4_-_Controle_1,e706900a-3621-46b3-9ff8-bcc6f5d48f30,,2025-08-15T02:44:19,2025-08-15T02:44:19,detection,unknown,Too small for identification,1,,,,object_25133,0.707322058574186,0.708232964409722,0.021830054077760064,0.029254218207465987,machine,Diopsis 2025,,1.0,"{body_length_mm: 2.91086580910131}, {biomass_mg: 0.498309998246125}"
32fa1112-c870-4f63-a51d-877b65d08f1d,DIOPSIS-231_Boer4_-_Controle_1,f7a7b326-1f3e-4f3d-a40a-95d8bb1db87f,,2025-08-15T09:07:20,2025-08-15T09:07:20,detection,animal,Caenidae,1,,,,object_25241,0.411033057211238,0.695419786241319,0.026594566383425,0.034718153211806047,machine,Diopsis 2025,,0.664194027582804,"{body_length_mm: 4.07070035755248}, {biomass_mg: 1.20379096837968}"
ed10e2aa-c66f-4a2d-832d-980775a1930c,DIOPSIS-231_Boer4_-_Controle_1,f7a7b326-1f3e-4f3d-a40a-95d8bb1db87f,,2025-08-15T09:07:20,2025-08-15T09:07:20,detection,animal,Caenidae,1,,,,object_25163,0.776096401310126,0.0218152533637152,0.025560687897798973,0.034085320366753505,machine,Diopsis 2025,,0.66820552945137,"{body_length_mm: 9.02948300289494}, {biomass_mg: 9.78395939844075}"
650b18d0-1fe9-44b5-843e-e275e780ac4f,DIOPSIS-231_Boer4_-_Controle_1,f7a7b326-1f3e-4f3d-a40a-95d8bb1db87f,,2025-08-15T09:07:20,2025-08-15T09:07:20,detection,unknown,Chironomidae,1,,,,object_25212,0.707589125593437,0.708790215386285,0.02260883821668902,0.03004035101996505,machine,Diopsis 2025,,0.49212521314621,"{body_length_mm: 2.39434791384282}, {biomass_mg: 0.298114938489895}"
56974603-7144-4f68-bca2-26635a18b868,DIOPSIS-231_Boer4_-_Controle_1,f7a7b326-1f3e-4f3d-a40a-95d8bb1db87f,,2025-08-15T09:07:20,2025-08-15T09:07:20,detection,animal,Crambidae,1,,,,object_25255,0.926165802052901,0.844910210503472,0.024447585983149,0.03270345052083401,machine,Diopsis 2025,,0.764423966407776,"{body_length_mm: 15.7504147800801}, {biomass_mg: 42.2667837787592}"
ea7c1d4c-c095-4cad-b124-235752eb20e1,DIOPSIS-231_Boer4_-_Controle_1,f7a7b326-1f3e-4f3d-a40a-95d8bb1db87f,,2025-08-15T09:07:20,2025-08-15T09:07:20,detection,unknown,Too small for identification,1,,,,object_25184,0.0613434270944738,0.33345706515842,0.024815923980560102,0.032950371636285,machine,Diopsis 2025,,1.0,"{body_length_mm: 1.24574591192547}, {biomass_mg: 0.0534688400368659}"
ca8bcc6b-e098-4e07-9266-907fb203880f,DIOPSIS-231_Boer4_-_Controle_1,f7a7b326-1f3e-4f3d-a40a-95d8bb1db87f,,2025-08-15T09:07:20,2025-08-15T09:07:20,detection,unknown,Too small for identification,1,,,,object_25236,0.15768377848579,0.455381944444445,0.02596958013926201,0.03529669867621499,machine,Diopsis 2025,,1.0,"{body_length_mm: 2.67291555435622}, {biomass_mg: 0.398191909159056}"
8cafaaaf-c9d6-44d6-b1aa-26f2addb7577,DIOPSIS-231_Boer4_-_Controle_1,f7a7b326-1f3e-4f3d-a40a-95d8bb1db87f,,2025-08-15T09:07:20,2025-08-15T09:07:20,detection,unknown,Too small for identification,1,,,,object_25175,0.176368484114964,0.251241268581814,0.02164163732767499,0.029642249213324978,machine,Diopsis 2025,,1.0,"{body_length_mm: 2.62739815306827}, {biomass_mg: 0.380604874565773}"
7582ef4b-8e02-4e68-b2d7-318d570fe31d,DIOPSIS-231_Boer4_-_Controle_1,f7a7b326-1f3e-4f3d-a40a-95d8bb1db87f,,2025-08-15T09:07:20,2025-08-15T09:07:20,detection,unknown,Too small for identification,1,,,,object_25170,0.292042116091924,0.228334604899089,0.03034298089589399,0.039093882242838024,machine,Diopsis 2025,,1.0,"{body_length_mm: 2.15930527813791}, {biomass_mg: 0.227178483729741}"
24fc3971-ea1f-4a1f-8878-07b144dc9e06,DIOPSIS-231_Boer4_-_Controle_1,f7a7b326-1f3e-4f3d-a40a-95d8bb1db87f,,2025-08-15T09:07:20,2025-08-15T09:07:20,detection,unknown,Too small for identification,1,,,,object_25228,0.501045086945039,0.32608645968967,0.025417678145216005,0.03408437093099004,machine,Diopsis 2025,,1.0,"{body_length_mm: 2.70942770841398}, {biomass_mg: 0.412657039607802}"
af7a06a7-afa6-424b-a306-7ef6f7bde2c0,DIOPSIS-231_Boer4_-_Controle_1,588ce466-4a0e-4192-83aa-0733edf76e67,,2025-08-15T09:08:54,2025-08-15T09:08:54,detection,animal,Caenidae,1,,,,object_25236,0.158564139288136,0.455790540907118,0.024729389579148997,0.033807305230035,machine,Diopsis 2025,,0.999694585800171,"{body_length_mm: 2.78924809067406}, {biomass_mg: 0.445402289039188}"
21c87a1c-fcec-44f1-be8f-243d997cc4a8,DIOPSIS-231_Boer4_-_Controle_1,588ce466-4a0e-4192-83aa-0733edf76e67,,2025-08-15T09:08:54,2025-08-15T09:08:54,detection,animal,Caenidae,1,,,,object_25263,0.175934258207853,0.25069822523329,0.022905263757467015,0.03104456583658899,machine,Diopsis 2025,,0.989952027797699,"{body_length_mm: 2.46732704972755}, {biomass_mg: 0.322609779515106}"
c5cfe753-dc56-4acc-bb49-7a9e4750c5ea,DIOPSIS-231_Boer4_-_Controle_1,588ce466-4a0e-4192-83aa-0733edf76e67,,2025-08-15T09:08:54,2025-08-15T09:08:54,detection,unknown,Caenidae,1,,,,object_25241,0.41140884628678,0.695491129557292,0.02604973336094002,0.033927341037325975,machine,Diopsis 2025,,0.249761357903481,"{body_length_mm: 7.42581701271468}, {biomass_mg: 5.85030642694752}"
13dde691-2bcf-4d32-bca7-4623dd2f60e9,DIOPSIS-231_Boer4_-_Controle_1,588ce466-4a0e-4192-83aa-0733edf76e67,,2025-08-15T09:08:54,2025-08-15T09:08:54,detection,animal,Caenidae,1,,,,object_25228,0.500835284963872,0.325722283257378,0.025851853104783995,0.03467763264974,machine,Diopsis 2025,,0.702354595065117,"{body_length_mm: 3.52818031208247}, {biomass_mg: 0.82637997662186}"
0636e371-23a4-4058-9fd7-572910af0208,DIOPSIS-231_Boer4_-_Controle_1,588ce466-4a0e-4192-83aa-0733edf76e67,,2025-08-15T09:08:54,2025-08-15T09:08:54,detection,animal,Chironomidae,1,,,,object_25184,0.0623621996336667,0.332906595865885,0.0235984623929694,0.031542629665799016,machine,Diopsis 2025,,0.996000707149506,"{body_length_mm: 1.7991136555714}, {biomass_mg: 0.140580593524366}"
bab18d7e-c055-4aea-9d7b-a10ec6f9cfaf,DIOPSIS-231_Boer4_-_Controle_1,588ce466-4a0e-4192-83aa-0733edf76e67,,2025-08-15T09:08:54,2025-08-15T09:08:54,detection,animal,Chironomidae,1,,,,object_25265,0.598432130128991,0.594187622070313,0.06495434692586599,0.083951755099826,machine,Diopsis 2025,,0.657191673914591,"{body_length_mm: 3.80903696151478}, {biomass_mg: 1.01079991403639}"
2bc517bf-e937-4550-a530-00d9dfd6fbfe,DIOPSIS-231_Boer4_-_Controle_1,588ce466-4a0e-4192-83aa-0733edf76e67,,2025-08-15T09:08:54,2025-08-15T09:08:54,detection,animal,Chironomidae,1,,,,object_25264,0.804819097503,0.864000583224826,0.04791621493178699,0.06502332899305607,machine,Diopsis 2025,,0.66383687655131,"{body_length_mm: 15.1402171054276}, {biomass_mg: 38.095062040491}"
086a4066-c49f-4486-9198-a2786eea29fb,DIOPSIS-231_Boer4_-_Controle_1,588ce466-4a0e-4192-83aa-0733edf76e67,,2025-08-15T09:08:54,2025-08-15T09:08:54,detection,animal,Lepidoptera,1,,,,object_25163,0.776441061437031,0.0222335010104709,0.025541837306969017,0.033968925476074205,machine,Diopsis 2025,,0.835636854171753,"{body_length_mm: 2.7607849736725}, {biomass_mg: 0.98872915986082}"
965f82df-8cfd-4bd0-b304-df575ff26a0d,DIOPSIS-231_Boer4_-_Controle_1,588ce466-4a0e-4192-83aa-0733edf76e67,,2025-08-15T09:08:54,2025-08-15T09:08:54,detection,animal,Staphylinidae,1,,,,object_25212,0.707649753169345,0.708864135742188,0.022548618221123973,0.030044487847222023,machine,Diopsis 2025,,0.963748097419739,"{body_length_mm: 2.54843390291026}, {biomass_mg: 0.351253150684589}"
7c24e35f-e0ff-4886-8172-f102da6705a9,DIOPSIS-231_Boer4_-_Controle_1,588ce466-4a0e-4192-83aa-0733edf76e67,,2025-08-15T09:08:54,2025-08-15T09:08:54,detection,unknown,Too small for identification,1,,,,object_25170,0.293260475629956,0.231133626302083,0.02793484339132901,0.034390021430121986,machine,Diopsis 2025,,1.0,"{body_length_mm: 2.04643545652607}, {biomass_mg: 0.197263225866077}"
eb80c253-4fe3-473f-9cc6-96e97f99ca37,DIOPSIS-231_Boer4_-_Controle_1,588ce466-4a0e-4192-83aa-0733edf76e67,,2025-08-15T09:08:54,2025-08-15T09:08:54,detection,unknown,Too small for identification,1,,,,object_25255,0.92611098249687,0.845165879991319,0.024401733194647002,0.03275906032986198,machine,Diopsis 2025,,1.0,"{body_length_mm: 2.9270885998564}, {biomass_mg: 0.505647178529492}"
57a30c77-a700-464e-903f-e65d3ef71302,DIOPSIS-231_Boer4_-_Controle_1,831d1fee-64c2-46c1-b48e-5c8b37cb9bdc,,2025-08-15T09:18:24,2025-08-15T09:18:24,detection,animal,Caenidae,1,,,,object_25170,0.293349149828164,0.231500481499566,0.027378649066803984,0.034300503200954985,machine,Diopsis 2025,,0.527822017669678,"{body_length_mm: 3.91820747215923}, {biomass_mg: 1.08878265002188}"
a4c41f60-47e7-4cdc-ad7f-402b70b8f645,DIOPSIS-231_Boer4_-_Controle_1,831d1fee-64c2-46c1-b48e-5c8b37cb9bdc,,2025-08-15T09:18:24,2025-08-15T09:18:24,detection,animal,Caenidae,1,,,,object_25241,0.411372418793693,0.69543212890625,0.026112296943473,0.03400858561197906,machine,Diopsis 2025,,0.999428808689117,"{body_length_mm: 2.41691984881209}, {biomass_mg: 0.305563142546911}"
f91d00c2-45a0-4a95-b26a-0412b2f9ce9f,DIOPSIS-231_Boer4_-_Controle_1,831d1fee-64c2-46c1-b48e-5c8b37cb9bdc,,2025-08-15T09:18:24,2025-08-15T09:18:24,detection,animal,Caenidae,1,,,,object_25228,0.501004379858358,0.326148749457465,0.025279508409197016,0.033691609700520986,machine,Diopsis 2025,,0.999847650527954,"{body_length_mm: 2.64871326929709}, {biomass_mg: 0.388779329067799}"
c9782573-74cf-48d7-b0ff-75c01d162304,DIOPSIS-231_Boer4_-_Controle_1,831d1fee-64c2-46c1-b48e-5c8b37cb9bdc,,2025-08-15T09:18:24,2025-08-15T09:18:24,detection,animal,Caenidae,1,,,,object_25163,0.775925370409015,0.0219060770670572,0.02618617088050401,0.034728953043619795,machine,Diopsis 2025,,0.902841776609421,"{body_length_mm: 5.37790636197695}, {biomass_mg: 2.50399850870821}"
fbf2a70f-c781-480c-ad03-9dc3017b1fac,DIOPSIS-231_Boer4_-_Controle_1,831d1fee-64c2-46c1-b48e-5c8b37cb9bdc,,2025-08-15T09:18:24,2025-08-15T09:18:24,detection,animal,Chironomidae,1,,,,object_25272,0.612263674728062,0.608966539171007,0.04788651251434706,0.06444132486979204,machine,Diopsis 2025,,0.654070794582367,"{body_length_mm: 8.04960283580237}, {biomass_mg: 7.23282681022992}"
86dc5702-151c-47a6-b5d9-491b35ed1a62,DIOPSIS-231_Boer4_-_Controle_1,831d1fee-64c2-46c1-b48e-5c8b37cb9bdc,,2025-08-15T09:18:24,2025-08-15T09:18:24,detection,unknown,Too small for identification,1,,,,object_25184,0.0620891462781393,0.333092922634549,0.023634399515957596,0.0313720703125,machine,Diopsis 2025,,1.0,"{body_length_mm: 1.71755661714397}, {biomass_mg: 0.124433508810419}"
e27a228c-ae86-4fa3-8472-315094f1be2b,DIOPSIS-231_Boer4_-_Controle_1,831d1fee-64c2-46c1-b48e-5c8b37cb9bdc,,2025-08-15T09:18:24,2025-08-15T09:18:24,detection,unknown,Too small for identification,1,,,,object_25266,0.153952902664923,0.250670132107205,0.021485559530369985,0.02970014784071201,machine,Diopsis 2025,,1.0,"{body_length_mm: 1.72237864225183}, {biomass_mg: 0.125354392248517}"
72a5b6cd-36f3-4d6b-89b4-d61b3635e404,DIOPSIS-231_Boer4_-_Controle_1,831d1fee-64c2-46c1-b48e-5c8b37cb9bdc,,2025-08-15T09:18:24,2025-08-15T09:18:24,detection,unknown,Too small for identification,1,,,,object_25267,0.158788945320652,0.456081000434028,0.02520132940480202,0.03419009738498202,machine,Diopsis 2025,,1.0,"{body_length_mm: 2.8410581516477}, {biomass_mg: 0.467491779403938}"
5d46f772-be11-45d2-8f1b-61ca23b1e98f,DIOPSIS-231_Boer4_-_Controle_1,831d1fee-64c2-46c1-b48e-5c8b37cb9bdc,,2025-08-15T09:18:24,2025-08-15T09:18:24,detection,unknown,Too small for identification,1,,,,object_25263,0.17644402658402,0.251632893880208,0.021323941187786993,0.029257168240018006,machine,Diopsis 2025,,1.0,"{body_length_mm: 2.25558531879015}, {biomass_mg: 0.254796293673351}"
194fe791-bb79-4225-b3f0-16dd4a9977fd,DIOPSIS-231_Boer4_-_Controle_1,831d1fee-64c2-46c1-b48e-5c8b37cb9bdc,,2025-08-15T09:18:24,2025-08-15T09:18:24,detection,unknown,Too small for identification,1,,,,object_25212,0.707364905457664,0.708741590711806,0.022762801690969003,0.03030463324652699,machine,Diopsis 2025,,1.0,"{body_length_mm: 2.61215891763569}, {biomass_mg: 0.374826415046953}"
048e5ee5-50f8-4293-b990-f704b132cce7,DIOPSIS-231_Boer4_-_Controle_1,831d1fee-64c2-46c1-b48e-5c8b37cb9bdc,,2025-08-15T09:18:24,2025-08-15T09:18:24,detection,unknown,Too small for identification,1,,,,object_25268,0.926386506808222,0.845740152994792,0.023761322581906996,0.03188951280381902,machine,Diopsis 2025,,1.0,"{body_length_mm: 2.51445702219909}, {biomass_mg: 0.339070139747485}"
d229c1de-cd0c-4627-aa9c-735bf21ec027,DIOPSIS-231_Boer4_-_Controle_1,17f14383-2efd-4aa6-adda-f4848ba23ace,,2025-08-15T11:13:50,2025-08-15T11:13:50,detection,animal,Caenidae,1,,,,object_25305,0.775412175810596,0.02150818294949,0.02552319050631202,0.0341737408108181,machine,Diopsis 2025,,0.977211326360702,"{body_length_mm: 5.36351285819629}, {biomass_mg: 2.48641136603674}"
539209dd-1197-4fc4-b18d-d09ed9fedb6d,DIOPSIS-231_Boer4_-_Controle_1,17f14383-2efd-4aa6-adda-f4848ba23ace,,2025-08-15T11:13:50,2025-08-15T11:13:50,detection,animal,Crambidae,1,,,,object_25322,0.157775152903765,0.454113226996528,0.025842542441340988,0.03499552408854201,machine,Diopsis 2025,,0.9860018491745,"{body_length_mm: 2.54992902017122}, {biomass_mg: 0.351795383116456}"
b4f00c6d-c233-4511-ad9b-b7c27ef1203c,DIOPSIS-231_Boer4_-_Controle_1,17f14383-2efd-4aa6-adda-f4848ba23ace,,2025-08-15T11:13:50,2025-08-15T11:13:50,detection,unknown,Diptera,1,,,,object_25306,0.706489473830081,0.705956556532118,0.02381568361005404,0.03208943684895804,machine,Diopsis 2025,,0.369258195161819,"{body_length_mm: 4.19587591905381}, {biomass_mg: 0.989721180892751}"
79f73642-1b9d-4de9-b5e3-819120f7c56a,DIOPSIS-231_Boer4_-_Controle_1,17f14383-2efd-4aa6-adda-f4848ba23ace,,2025-08-15T11:13:50,2025-08-15T11:13:50,detection,animal,Miridae,1,,,,object_25170,0.291435305383647,0.226736331515842,0.029383409401411043,0.03805272420247402,machine,Diopsis 2025,,0.92605721950531,"{body_length_mm: 1.21985895711572}, {biomass_mg: 0.0505959266022623}"
317cca4d-6c81-4d7c-80ca-57a11d3cd771,DIOPSIS-231_Boer4_-_Controle_1,17f14383-2efd-4aa6-adda-f4848ba23ace,,2025-08-15T11:13:50,2025-08-15T11:13:50,detection,unknown,Too small for identification,1,,,,object_25323,0.0598537336804831,0.33100348578559,0.0268049224191197,0.031748419867622,machine,Diopsis 2025,,1.0,"{body_length_mm: 1.22448453341786}, {biomass_mg: 0.0511020642807369}"
b3b1c97a-bc2c-41d2-a2f9-36bd451bdb18,DIOPSIS-231_Boer4_-_Controle_1,17f14383-2efd-4aa6-adda-f4848ba23ace,,2025-08-15T11:13:50,2025-08-15T11:13:50,detection,unknown,Too small for identification,1,,,,object_25331,0.176250795291143,0.250207790798611,0.020884174735399025,0.028062337239583013,machine,Diopsis 2025,,1.0,"{body_length_mm: 2.57630846948686}, {biomass_mg: 0.361447836687754}"
fa401022-0326-4763-93e5-aa6456477056,DIOPSIS-231_Boer4_-_Controle_1,17f14383-2efd-4aa6-adda-f4848ba23ace,,2025-08-15T11:13:50,2025-08-15T11:13:50,detection,unknown,Too small for identification,1,,,,object_25328,0.40974879702662,0.694759860568576,0.025779940648151034,0.03398193359375001,machine,Diopsis 2025,,1.0,"{body_length_mm: 1.20105225313765}, {biomass_mg: 0.0485701067214048}"
4c770d3e-cb98-46bb-8b9b-72312b45e20a,DIOPSIS-231_Boer4_-_Controle_1,17f14383-2efd-4aa6-adda-f4848ba23ace,,2025-08-15T11:13:50,2025-08-15T11:13:50,detection,unknown,Too small for identification,1,,,,object_25228,0.50010795784315,0.32305168999566,0.025535876444464978,0.03419620090060704,machine,Diopsis 2025,,1.0,"{body_length_mm: 1.86633385789776}, {biomass_mg: 0.154818624764622}"
2519493d-afdc-4b0e-8e47-c9ffe50e2f30,DIOPSIS-231_Boer4_-_Controle_1,be056926-c940-4596-8476-e56025589f9c,,2025-08-15T14:52:36,2025-08-15T14:52:36,detection,animal,Caenidae,1,,,,object_25368,0.155794732757721,0.450012410481771,0.029628034028068018,0.039457702636718994,machine,Diopsis 2025,,0.999597400426865,"{body_length_mm: 3.24323694464821}, {biomass_mg: 0.662209153104782}"
d463ce33-6a5f-4726-8f17-94c21a0d3c83,DIOPSIS-231_Boer4_-_Controle_1,be056926-c940-4596-8476-e56025589f9c,,2025-08-15T14:52:36,2025-08-15T14:52:36,detection,unknown,Caenidae,1,,,,object_25389,0.174996721525622,0.248157348632813,0.02302718122733899,0.030705295138888006,machine,Diopsis 2025,,0.49928891658783,"{body_length_mm: 6.54093307989283}, {biomass_mg: 4.19038263377536}"
68829f0c-8401-4310-a29b-56a92dfdfcec,DIOPSIS-231_Boer4_-_Controle_1,be056926-c940-4596-8476-e56025589f9c,,2025-08-15T14:52:36,2025-08-15T14:52:36,detection,animal,Caenidae,1,,,,object_25392,0.776151017075986,0.0210440826416015,0.023577809532814964,0.031858647664388,machine,Diopsis 2025,,0.992970883846283,"{body_length_mm: 3.95573208803248}, {biomass_mg: 1.11642081080006}"
3590b55b-4de7-4171-94fe-404ba73271ba,DIOPSIS-231_Boer4_-_Controle_1,be056926-c940-4596-8476-e56025589f9c,,2025-08-15T14:52:36,2025-08-15T14:52:36,detection,animal,Chironomidae,1,,,,object_25384,0.0615414601932583,0.330241461859809,0.0226187093031028,0.029781867133246986,machine,Diopsis 2025,,0.996892511844635,"{body_length_mm: 10.3640487101778}, {biomass_mg: 14.0592999420662}"
dc747459-c4fe-4df0-b624-f79ccb283d3f,DIOPSIS-231_Boer4_-_Controle_1,be056926-c940-4596-8476-e56025589f9c,,2025-08-15T14:52:36,2025-08-15T14:52:36,detection,animal,Chironomidae,1,,,,object_25421,0.408999715305131,0.694270358615451,0.02385284984251096,0.031474880642361924,machine,Diopsis 2025,,0.959742486476898,"{body_length_mm: 5.10843020542159}, {biomass_mg: 2.18734498844851}"
b0e842fd-34df-4321-9b83-883519de2545,DIOPSIS-231_Boer4_-_Controle_1,be056926-c940-4596-8476-e56025589f9c,,2025-08-15T14:52:36,2025-08-15T14:52:36,detection,unknown,Chironomidae,1,,,,object_25306,0.705561260548179,0.704517618815104,0.025248073775303026,0.03373765733506995,machine,Diopsis 2025,,0.499829053878784,"{body_length_mm: 11.8957385613672}, {biomass_mg: 20.2022929949592}"
eae8a09e-0428-4501-81fa-038c4303ba21,DIOPSIS-231_Boer4_-_Controle_1,be056926-c940-4596-8476-e56025589f9c,,2025-08-15T14:52:36,2025-08-15T14:52:36,detection,animal,Chironomidae,1,,,,object_25419,0.811125690033519,0.188973829481337,0.02268576900628705,0.031473354763455,machine,Diopsis 2025,,0.642433047294617,"{body_length_mm: 5.28272851604776}, {biomass_mg: 2.38912330107518}"
f65a2d04-a9b6-4b2f-8fd0-f9ab8c2d3de4,DIOPSIS-231_Boer4_-_Controle_1,be056926-c940-4596-8476-e56025589f9c,,2025-08-15T14:52:36,2025-08-15T14:52:36,detection,unknown,Too small for identification,1,,,,object_25424,0.292572760223745,0.226980709499783,0.02596070252993299,0.03444135877821203,machine,Diopsis 2025,,1.0,"{body_length_mm: 2.03059797050784}, {biomass_mg: 0.19327346707763}"
832626f3-7d25-477a-9fd6-b20eefd0a13c,DIOPSIS-231_Boer4_-_Controle_1,be056926-c940-4596-8476-e56025589f9c,,2025-08-15T14:52:36,2025-08-15T14:52:36,detection,unknown,Too small for identification,1,,,,object_25399,0.497401114895268,0.319149203830295,0.02913822435178398,0.03879828559027798,machine,Diopsis 2025,,1.0,"{body_length_mm: 2.80727408987443}, {biomass_mg: 0.453012644510644}"
a7860246-c02d-453e-a7d4-2f35d72595a3,DIOPSIS-231_Boer4_-_Controle_1,be056926-c940-4596-8476-e56025589f9c,,2025-08-15T14:52:36,2025-08-15T14:52:36,detection,unknown,Too small for identification,1,,,,object_25362,0.92386827166371,0.843485378689236,0.025068330844375986,0.03289082845052094,machine,Diopsis 2025,,1.0,"{body_length_mm: 2.3880337885314}, {biomass_mg: 0.296051784988007}"
85f53456-0322-4215-bfd3-79639b8203c5,DIOPSIS-231_Boer4_-_Controle_1,f415061a-4991-449d-8bfe-0ebba20345d3,,2025-08-15T15:45:30,2025-08-15T15:45:30,detection,animal,Caenidae,1,,,,object_25439,0.0607826602279841,0.327630581325955,0.024495553094676,0.032193128797743,machine,Diopsis 2025,,0.57958459854126,"{body_length_mm: 3.16248033956843}, {biomass_mg: 0.619718496948631}"
e746ac86-4b32-4af2-8f72-354611bbb1da,DIOPSIS-231_Boer4_-_Controle_1,f415061a-4991-449d-8bfe-0ebba20345d3,,2025-08-15T15:45:30,2025-08-15T15:45:30,detection,animal,Caenidae,1,,,,object_25461,0.775653106740401,0.0195456102159288,0.02396755823507901,0.0322234598795573,machine,Diopsis 2025,,0.948578536510468,"{body_length_mm: 3.93501346733203}, {biomass_mg: 1.10110775494392}"
b63bc0cb-d11f-4e21-8b18-0e7e03dbed6f,DIOPSIS-231_Boer4_-_Controle_1,f415061a-4991-449d-8bfe-0ebba20345d3,,2025-08-15T15:45:30,2025-08-15T15:45:30,detection,animal,Too small for identification,1,,,,object_25474,0.157585156779854,0.239917229546441,0.034651449009254015,0.04115193684895796,machine,Diopsis 2025,,0.955790817737579,"{body_length_mm: 2.40202822661314}, {biomass_mg: 0.300636478006208}"
2c57c5a8-2fc9-43d7-85c8-bb7b48338448,DIOPSIS-231_Boer4_-_Controle_1,f415061a-4991-449d-8bfe-0ebba20345d3,,2025-08-15T15:45:30,2025-08-15T15:45:30,detection,animal,Chironomidae,1,,,,object_25362,0.923027840998018,0.841296657986111,0.026026144648632954,0.03422363281250007,machine,Diopsis 2025,,0.98042768239975,"{body_length_mm: 2.46960193812584}, {biomass_mg: 0.323392655438599}"
f1e753f2-6733-4d1f-9d39-c51332036094,DIOPSIS-231_Boer4_-_Controle_1,f415061a-4991-449d-8bfe-0ebba20345d3,,2025-08-15T15:45:30,2025-08-15T15:45:30,detection,animal,Crambidae,1,,,,object_25463,0.172292094795851,0.243441518147786,0.02816541923306401,0.03736007690429702,machine,Diopsis 2025,,0.972755551338196,"{body_length_mm: 10.2752332157389}, {biomass_mg: 13.7446407700616}"
00871deb-5a0a-4db0-9087-362e25fa7ff7,DIOPSIS-231_Boer4_-_Controle_1,f415061a-4991-449d-8bfe-0ebba20345d3,,2025-08-15T15:45:30,2025-08-15T15:45:30,detection,animal,Crambidae,1,,,,object_25470,0.289586801162745,0.221696302625868,0.03093333554785299,0.040928988986544984,machine,Diopsis 2025,,0.858954608440399,"{body_length_mm: 2.15579828475606}, {biomass_mg: 0.226209383269909}"
70e3cbec-0c29-4c25-bd0b-cc4898feec54,DIOPSIS-231_Boer4_-_Controle_1,f415061a-4991-449d-8bfe-0ebba20345d3,,2025-08-15T15:45:30,2025-08-15T15:45:30,detection,unknown,Crambidae,1,,,,object_25306,0.704429257095159,0.702971869574653,0.026046217980488007,0.03499267578124998,machine,Diopsis 2025,,0.331186195214589,"{body_length_mm: 14.9798255251918}, {biomass_mg: 37.0428182217284}"
0368d2b3-1247-4723-8651-7d7b1a0b0b42,DIOPSIS-231_Boer4_-_Controle_1,f415061a-4991-449d-8bfe-0ebba20345d3,,2025-08-15T15:45:30,2025-08-15T15:45:30,detection,unknown,Insecta,1,,,,object_25465,0.517764185426231,0.677659844292535,0.026005561841349945,0.03385199652777804,machine,Diopsis 2025,,0.391470164060593,"{body_length_mm: 7.03495653462462}, {biomass_mg: 3.4470659887693}"
2f295b74-6ee6-49a0-ad17-012e2024424b,DIOPSIS-231_Boer4_-_Controle_1,f415061a-4991-449d-8bfe-0ebba20345d3,,2025-08-15T15:45:30,2025-08-15T15:45:30,detection,unknown,Too small for identification,1,,,,object_25452,0.495965565982367,0.315538635253906,0.031345322852539936,0.04223164876302099,machine,Diopsis 2025,,1.0,"{body_length_mm: 1.97668862116148}, {biomass_mg: 0.180068971675727}"
d62df4b6-5e55-4e81-bc5b-79dc3a9a75f3,DIOPSIS-231_Boer4_-_Controle_1,f415061a-4991-449d-8bfe-0ebba20345d3,,2025-08-15T15:45:30,2025-08-15T15:45:30,detection,animal,Tortricidae,1,,,,object_25467,0.154521146083316,0.448118896484375,0.031026824288854005,0.04100257025824705,machine,Diopsis 2025,,0.832914292812347,"{body_length_mm: 2.20117655248355}, {biomass_mg: 0.238948101178171}"
a9f6fa51-c782-41fc-b079-a92b01992efe,DIOPSIS-231_Boer4_-_Controle_1,fc681d6b-4468-4750-af50-2c1a3fe9c7c4,,2025-08-15T18:44:43,2025-08-15T18:44:43,detection,animal,Caenidae,1,,,,object_25518,0.156674966191211,0.450914171006944,0.02996505202355501,0.03973171657986202,machine,Diopsis 2025,,0.999947667121887,"{body_length_mm: 1.32339228423777}, {biomass_mg: 0.0626848034013642}"
4ee01690-6117-4d04-9ab6-e5d2b16e81fa,DIOPSIS-231_Boer4_-_Controle_1,fc681d6b-4468-4750-af50-2c1a3fe9c7c4,,2025-08-15T18:44:43,2025-08-15T18:44:43,detection,unknown,Caenidae,1,,,,object_25539,0.499089720253156,0.320200771755642,0.030047587042858037,0.039133673773872,machine,Diopsis 2025,,0.333326975504557,"{body_length_mm: 13.6333878820939}, {biomass_mg: 28.915401361663}"
f69e09e1-a8c7-42ec-88d3-e8a3d71ce63d,DIOPSIS-231_Boer4_-_Controle_1,fc681d6b-4468-4750-af50-2c1a3fe9c7c4,,2025-08-15T18:44:43,2025-08-15T18:44:43,detection,animal,Chironomidae,1,,,,object_25516,0.293621286127922,0.227127312554254,0.027862625249439,0.03650509304470401,machine,Diopsis 2025,,0.999853610992432,"{body_length_mm: 1.57500560766408}, {biomass_mg: 0.0990770778789607}"
c3b1e4d8-1eba-4b31-800e-6ac30bde9ca7,DIOPSIS-231_Boer4_-_Controle_1,fc681d6b-4468-4750-af50-2c1a3fe9c7c4,,2025-08-15T18:44:43,2025-08-15T18:44:43,detection,animal,Chironomidae,1,,,,object_25541,0.409932768603597,0.693554484049479,0.025945774899897966,0.03420091417100701,machine,Diopsis 2025,,0.998153150081634,"{body_length_mm: 1.56824209178809}, {biomass_mg: 0.0979620182391247}"
19f344f1-71d6-4847-b318-3c8781ccbfd8,DIOPSIS-231_Boer4_-_Controle_1,fc681d6b-4468-4750-af50-2c1a3fe9c7c4,,2025-08-15T18:44:43,2025-08-15T18:44:43,detection,unknown,Chironomidae,1,,,,object_25538,0.454498494805796,0.502488132052951,0.029241596916083967,0.041479627821181086,machine,Diopsis 2025,,0.499968647956848,"{body_length_mm: 3.99210529800253}, {biomass_mg: 1.14362195184319}"
ac7bf41c-da43-45ae-be0e-3c366e95e312,DIOPSIS-231_Boer4_-_Controle_1,fc681d6b-4468-4750-af50-2c1a3fe9c7c4,,2025-08-15T18:44:43,2025-08-15T18:44:43,detection,animal,Diptera,1,,,,object_25542,0.516110835767947,0.695238037109375,0.042289415464575986,0.05684549967447894,machine,Diopsis 2025,,0.666441400845846,"{body_length_mm: 13.9636416329496}, {biomass_mg: 30.7941216471649}"
6d96ea5c-7586-4b1e-acbb-268ad214b585,DIOPSIS-231_Boer4_-_Controle_1,fc681d6b-4468-4750-af50-2c1a3fe9c7c4,,2025-08-15T18:44:43,2025-08-15T18:44:43,detection,unknown,Chironomidae,1,,,,object_25540,0.775540665513486,0.0212062199910481,0.026050140941281996,0.034771147833930205,machine,Diopsis 2025,,0.499682933092117,"{body_length_mm: 7.60718666172734}, {biomass_mg: 6.23362347655238}"
e250372b-a4c4-45b4-bf0d-078f78976b01,DIOPSIS-231_Boer4_-_Controle_1,fc681d6b-4468-4750-af50-2c1a3fe9c7c4,,2025-08-15T18:44:43,2025-08-15T18:44:43,detection,unknown,Too small for identification,1,,,,object_25543,0.062988905357399,0.329198879665799,0.023814091499341397,0.03151479085286396,machine,Diopsis 2025,,1.0,"{body_length_mm: 2.23701278864315}, {biomass_mg: 0.249315524758252}"
864641ac-5bc7-4b30-9eca-1a2c09ed743e,DIOPSIS-231_Boer4_-_Controle_1,fc681d6b-4468-4750-af50-2c1a3fe9c7c4,,2025-08-15T18:44:43,2025-08-15T18:44:43,detection,unknown,Too small for identification,1,,,,object_25537,0.705405055382017,0.703156602647569,0.02624083759390594,0.03526353624132006,machine,Diopsis 2025,,1.0,"{body_length_mm: 2.75169671510099}, {biomass_mg: 0.429804285734403}"
a8af798f-67a0-4669-8809-46b24215130f,DIOPSIS-231_Boer4_-_Controle_1,c8f2f683-ed89-4c7c-9001-48737432cb24,,2025-08-15T19:44:45,2025-08-15T19:44:45,detection,animal,Caenidae,1,,,,object_25597,0.293243662940839,0.227245127360026,0.029306504085584995,0.03786453247070298,machine,Diopsis 2025,,0.988557815551758,"{body_length_mm: 3.14265943901457}, {biomass_mg: 0.609555433914972}"
c8f61220-05d9-426e-9be5-00abac63c0ea,DIOPSIS-231_Boer4_-_Controle_1,c8f2f683-ed89-4c7c-9001-48737432cb24,,2025-08-15T19:44:45,2025-08-15T19:44:45,detection,animal,Caenidae,1,,,,object_25566,0.457204318802822,0.505213216145833,0.021693412768025,0.03663950602213595,machine,Diopsis 2025,,0.876438617706299,"{body_length_mm: 1.95995387301324}, {biomass_mg: 0.176087221797761}"
40341d4b-65c1-43f8-86ee-4843ea7cbd6b,DIOPSIS-231_Boer4_-_Controle_1,c8f2f683-ed89-4c7c-9001-48737432cb24,,2025-08-15T19:44:45,2025-08-15T19:44:45,detection,animal,Chironomidae,1,,,,object_25587,0.202550490033845,0.165289289686415,0.03024376055633099,0.039093187120226025,machine,Diopsis 2025,,0.998253047466278,"{body_length_mm: 3.97566720484171}, {biomass_mg: 1.13127871527415}"
5d8c3b1f-bcc6-45de-8f5e-134b856e966c,DIOPSIS-231_Boer4_-_Controle_1,c8f2f683-ed89-4c7c-9001-48737432cb24,,2025-08-15T19:44:45,2025-08-15T19:44:45,detection,animal,Chironomidae,1,,,,object_25585,0.622122228046092,0.137186347113715,0.058865300403016074,0.078787011040582,machine,Diopsis 2025,,0.99998939037323,"{body_length_mm: 6.68068675154422}, {biomass_mg: 4.42996985260918}"
65fc6173-f72a-47b4-885d-51bc05849627,DIOPSIS-231_Boer4_-_Controle_1,c8f2f683-ed89-4c7c-9001-48737432cb24,,2025-08-15T19:44:45,2025-08-15T19:44:45,detection,animal,Chironomidae,1,,,,object_25581,0.740447692361618,0.354161275227865,0.06372105975779996,0.08379072401258597,machine,Diopsis 2025,,0.797207653522492,"{body_length_mm: 9.89067007251489}, {biomass_mg: 12.4326837189995}"
281db4f4-b999-43e0-9d34-b176c7f565ca,DIOPSIS-231_Boer4_-_Controle_1,c8f2f683-ed89-4c7c-9001-48737432cb24,,2025-08-15T19:44:45,2025-08-15T19:44:45,detection,animal,Chironomidae,1,,,,object_25601,0.868723364624635,0.336714138454861,0.05164695064691105,0.06866038004557301,machine,Diopsis 2025,,0.999933123588562,"{body_length_mm: 15.1996293390429}, {biomass_mg: 38.4894794552889}"
26a7cd39-931b-4bcb-bffe-57617c7f4a7d,DIOPSIS-231_Boer4_-_Controle_1,c8f2f683-ed89-4c7c-9001-48737432cb24,,2025-08-15T19:44:45,2025-08-15T19:44:45,detection,animal,Insecta,1,,,,object_25586,0.524212208335507,0.68322021484375,0.021156833247470086,0.027920057508681095,machine,Diopsis 2025,,0.805539548397064,"{body_length_mm: 4.88847429227618}, {biomass_mg: 1.39052217398917}"
ba06f78c-f09f-4d51-b04a-217ad7a69dcc,DIOPSIS-231_Boer4_-_Controle_1,c8f2f683-ed89-4c7c-9001-48737432cb24,,2025-08-15T19:44:45,2025-08-15T19:44:45,detection,unknown,Too small for identification,1,,,,object_25518,0.158501677600689,0.452822774251302,0.027408096746529997,0.037346360948350976,machine,Diopsis 2025,,1.0,"{body_length_mm: 2.61889885994135}, {biomass_mg: 0.377375329883118}"
f8163a65-7c1b-497f-bea7-d62a6edf22a1,DIOPSIS-231_Boer4_-_Controle_1,c8f2f683-ed89-4c7c-9001-48737432cb24,,2025-08-15T19:44:45,2025-08-15T19:44:45,detection,unknown,Too small for identification,1,,,,object_25575,0.177682459453908,0.250232747395833,0.022218248879968983,0.029765048556857965,machine,Diopsis 2025,,1.0,"{body_length_mm: 2.2513969964258}, {biomass_mg: 0.253553862849953}"
b0c7b98c-58aa-4cbe-8766-95e255acbc0b,DIOPSIS-231_Boer4_-_Controle_1,c8f2f683-ed89-4c7c-9001-48737432cb24,,2025-08-15T19:44:45,2025-08-15T19:44:45,detection,unknown,Too small for identification,1,,,,object_25583,0.544555969747757,0.693179660373264,0.023224335481009994,0.03136657714843705,machine,Diopsis 2025,,1.0,"{body_length_mm: 1.36971048415774}, {biomass_mg: 0.0686206687319237}"
d81977c9-b77d-4b20-9073-842d8c18d9b9,DIOPSIS-231_Boer4_-_Controle_1,61027949-25c2-4621-baf6-d2eb8502f9c5,,2025-08-15T19:54:45,2025-08-15T19:54:45,detection,animal,Caenidae,1,,,,object_25636,0.457374636438335,0.505333082411024,0.02146511682882901,0.03626953124999999,machine,Diopsis 2025,,0.870181262493134,"{body_length_mm: 3.23395867091466}, {biomass_mg: 0.657238353266148}"
fa710bc2-4e7a-475f-a8c6-31c2bc88292f,DIOPSIS-231_Boer4_-_Controle_1,61027949-25c2-4621-baf6-d2eb8502f9c5,,2025-08-15T19:54:45,2025-08-15T19:54:45,detection,unknown,Caenidae,1,,,,object_25617,0.458811153354549,0.0,0.05558066137247003,0.05611695183648,machine,Diopsis 2025,,0.499943852424622,"{body_length_mm: 15.110476273212}, {biomass_mg: 37.8985677693949}"
02ddb3a7-de31-425d-b0e3-1b1fd8042b7d,DIOPSIS-231_Boer4_-_Controle_1,61027949-25c2-4621-baf6-d2eb8502f9c5,,2025-08-15T19:54:45,2025-08-15T19:54:45,detection,animal,Caenidae,1,,,,object_25648,0.502168989738757,0.324973992241754,0.023816193085480997,0.031602240668402004,machine,Diopsis 2025,,0.999764621257782,"{body_length_mm: 1.83389062239659}, {biomass_mg: 0.147840483758131}"
3bd6820a-2ef4-401b-92e4-5e949ff78033,DIOPSIS-231_Boer4_-_Controle_1,61027949-25c2-4621-baf6-d2eb8502f9c5,,2025-08-15T19:54:45,2025-08-15T19:54:45,detection,animal,Chironomidae,1,,,,object_25646,0.321919079814013,0.795727335611979,0.037272356189351985,0.051204969618056095,machine,Diopsis 2025,,0.998055815696716,"{body_length_mm: 4.8002937636165}, {biomass_mg: 1.857186893203}"
16825ef6-d451-4a8a-8636-b841ed243bee,DIOPSIS-231_Boer4_-_Controle_1,61027949-25c2-4621-baf6-d2eb8502f9c5,,2025-08-15T19:54:45,2025-08-15T19:54:45,detection,animal,Chironomidae,1,,,,object_25587,0.38069570601882,0.713996446397569,0.046610098251317955,0.062062174479167065,machine,Diopsis 2025,,0.993855535984039,"{body_length_mm: 3.60291406616437}, {biomass_mg: 0.873214666926863}"
1e528ed2-1175-49d7-9906-3697171f384a,DIOPSIS-231_Boer4_-_Controle_1,61027949-25c2-4621-baf6-d2eb8502f9c5,,2025-08-15T19:54:45,2025-08-15T19:54:45,detection,animal,Chironomidae,1,,,,object_25585,0.570117319963611,0.0442388661702473,0.051205337346098,0.06932688395182271,machine,Diopsis 2025,,0.665413618087769,"{body_length_mm: 6.41438541859949}, {biomass_mg: 3.98051294451686}"
d4d8d8d9-6d5d-4066-979f-074e1dffba0e,DIOPSIS-231_Boer4_-_Controle_1,61027949-25c2-4621-baf6-d2eb8502f9c5,,2025-08-15T19:54:45,2025-08-15T19:54:45,detection,animal,Chironomidae,1,,,,object_25581,0.746568784888877,0.363435906304254,0.06535341902845904,0.08434485541449599,machine,Diopsis 2025,,0.996531188488007,"{body_length_mm: 6.11928409194398}, {biomass_mg: 3.51676926336282}"
97a00df3-56af-49cd-a36a-c85f260f18b1,DIOPSIS-231_Boer4_-_Controle_1,61027949-25c2-4621-baf6-d2eb8502f9c5,,2025-08-15T19:54:45,2025-08-15T19:54:45,detection,animal,Chironomidae,1,,,,object_25647,0.775105675393234,0.71110833062066,0.033408953072828984,0.043261990017360974,machine,Diopsis 2025,,0.999543845653534,"{body_length_mm: 9.45830554944681}, {biomass_mg: 11.0537678218413}"
5adf7c26-7ad5-47d1-a326-c17760e26f25,DIOPSIS-231_Boer4_-_Controle_1,61027949-25c2-4621-baf6-d2eb8502f9c5,,2025-08-15T19:54:45,2025-08-15T19:54:45,detection,animal,Chironomidae,1,,,,object_25625,0.846358310400146,0.747355143229167,0.06390859766277102,0.08260179307725701,machine,Diopsis 2025,,0.999975562095642,"{body_length_mm: 13.6907330229301}, {biomass_mg: 29.2363720433871}"
e8da4549-95ac-4e4d-a328-ad33f0f7fbf2,DIOPSIS-231_Boer4_-_Controle_1,61027949-25c2-4621-baf6-d2eb8502f9c5,,2025-08-15T19:54:45,2025-08-15T19:54:45,detection,animal,Insecta,1,,,,object_25644,0.524150256123487,0.681804538302951,0.022391037471305997,0.029620022243924016,machine,Diopsis 2025,,0.747045397758484,"{body_length_mm: 4.57502890473621}, {biomass_mg: 1.17869614254101}"
5ca38ca1-4580-4231-b07f-f1b5ef20b816,DIOPSIS-231_Boer4_-_Controle_1,61027949-25c2-4621-baf6-d2eb8502f9c5,,2025-08-15T19:54:45,2025-08-15T19:54:45,detection,unknown,Too small for identification,1,,,,object_25518,0.160373019057642,0.455276082356771,0.023785981192611994,0.03278347439236101,machine,Diopsis 2025,,1.0,"{body_length_mm: 2.59651640234965}, {biomass_mg: 0.368951915885835}"
63859a43-7c22-43f6-a578-89a10420e06b,DIOPSIS-231_Boer4_-_Controle_1,61027949-25c2-4621-baf6-d2eb8502f9c5,,2025-08-15T19:54:45,2025-08-15T19:54:45,detection,unknown,Too small for identification,1,,,,object_25575,0.177710493339322,0.249828186035156,0.022816589559259,0.030712246365018014,machine,Diopsis 2025,,1.0,"{body_length_mm: 2.22597534426665}, {biomass_mg: 0.246093291053435}"
e6e6fbe6-e12a-4ac8-9fea-5eec8a046db7,DIOPSIS-231_Boer4_-_Controle_1,61027949-25c2-4621-baf6-d2eb8502f9c5,,2025-08-15T19:54:45,2025-08-15T19:54:45,detection,unknown,Too small for identification,1,,,,object_25641,0.293269646187657,0.227439320882161,0.029384861406380025,0.03782662285698801,machine,Diopsis 2025,,1.0,"{body_length_mm: 1.65196985595009}, {biomass_mg: 0.112322516764152}"
1abd556f-3df6-4e57-8b18-e2598fe93d15,DIOPSIS-231_Boer4_-_Controle_1,61027949-25c2-4621-baf6-d2eb8502f9c5,,2025-08-15T19:54:45,2025-08-15T19:54:45,detection,unknown,Too small for identification,1,,,,object_25643,0.385801312123396,0.826085340711806,0.038468629967588985,0.05008395724826409,machine,Diopsis 2025,,1.0,"{body_length_mm: 1.57877773098911}, {biomass_mg: 0.0997023657757214}"
68aac75e-79ab-49b7-8846-64af69a77606,DIOPSIS-231_Boer4_-_Controle_1,61027949-25c2-4621-baf6-d2eb8502f9c5,,2025-08-15T19:54:45,2025-08-15T19:54:45,detection,unknown,Too small for identification,1,,,,object_25630,0.588234368071134,0.910125528971354,0.055239159993217934,0.07433139377170195,machine,Diopsis 2025,,1.0,"{body_length_mm: 1.81866703741396}, {biomass_mg: 0.144634586658192}"
8174bd13-bfac-4e75-8dff-09086c0e3e5c,DIOPSIS-231_Boer4_-_Controle_1,61027949-25c2-4621-baf6-d2eb8502f9c5,,2025-08-15T19:54:45,2025-08-15T19:54:45,detection,unknown,Too small for identification,1,,,,object_25649,0.680395568949551,0.479917738172743,0.04540929014177297,0.06096503363715294,machine,Diopsis 2025,,1.0,"{body_length_mm: 1.86001888330449}, {biomass_mg: 0.153444700506155}"
c8278af8-a932-4cb3-aaaf-df770fb6640b,DIOPSIS-231_Boer4_-_Controle_1,14c30f41-ab81-49ad-8fb9-272093c3dec3,,2025-08-15T20:02:17,2025-08-15T20:02:17,detection,unknown,Caenidae,1,,,,object_25575,0.177506996116575,0.24956063164605,0.022740079086888992,0.030380774603950028,machine,Diopsis 2025,,0.379178494215012,"{body_length_mm: 4.03353159723389}, {biomass_mg: 1.17509782778776}"
044093ce-879e-4117-9541-f90a48d5e7d0,DIOPSIS-231_Boer4_-_Controle_1,14c30f41-ab81-49ad-8fb9-272093c3dec3,,2025-08-15T20:02:17,2025-08-15T20:02:17,detection,unknown,Too small for identification,1,,,,object_25705,0.295003136330734,0.229594455295139,0.025413092866365006,0.033436313205295,machine,Diopsis 2025,,0.497769862413406,"{body_length_mm: 3.05450028036103}, {biomass_mg: 0.565605859618509}"
beb86e0b-5403-4ebe-805f-fa463f4db30c,DIOPSIS-231_Boer4_-_Controle_1,14c30f41-ab81-49ad-8fb9-272093c3dec3,,2025-08-15T20:02:17,2025-08-15T20:02:17,detection,animal,Caenidae,1,,,,object_25706,0.457366382936404,0.505848897298177,0.02141437307622096,0.036007012261285,machine,Diopsis 2025,,0.98235610127449,"{body_length_mm: 2.32840419853068}, {biomass_mg: 0.277003194552428}"
96811c6f-8f31-4218-827b-1d2157d77120,DIOPSIS-231_Boer4_-_Controle_1,14c30f41-ab81-49ad-8fb9-272093c3dec3,,2025-08-15T20:02:17,2025-08-15T20:02:17,detection,animal,Chironomidae,1,,,,object_25703,0.502816940587829,0.767774454752604,0.05163299102019003,0.07019571940104208,machine,Diopsis 2025,,0.817908734083176,"{body_length_mm: 9.31218382170321}, {biomass_mg: 10.6102790449755}"
ae4d2aff-8930-4a34-9d36-43353bb44bcd,DIOPSIS-231_Boer4_-_Controle_1,14c30f41-ab81-49ad-8fb9-272093c3dec3,,2025-08-15T20:02:17,2025-08-15T20:02:17,detection,animal,Chironomidae,1,,,,object_25699,0.593670878466063,0.486360846625434,0.05884160979562292,0.077556457519531,machine,Diopsis 2025,,0.999977707862854,"{body_length_mm: 8.08897755949799}, {biomass_mg: 7.3262460997266}"
b110357b-f986-41cc-9056-f0d4c7efde20,DIOPSIS-231_Boer4_-_Controle_1,14c30f41-ab81-49ad-8fb9-272093c3dec3,,2025-08-15T20:02:17,2025-08-15T20:02:17,detection,animal,Chironomidae,1,,,,object_25700,0.794895331330212,0.425994330512153,0.058054266469506066,0.07792870415581593,machine,Diopsis 2025,,0.999753654003143,"{body_length_mm: 11.5110750389574}, {biomass_mg: 18.5291728361957}"
e3906b0d-49e4-498f-8996-e264e9a8a7dc,DIOPSIS-231_Boer4_-_Controle_1,14c30f41-ab81-49ad-8fb9-272093c3dec3,,2025-08-15T20:02:17,2025-08-15T20:02:17,detection,unknown,Chironomidae,1,,,,object_25704,0.808941925507356,0.700561862521701,0.04888406540197199,0.065933566623264,machine,Diopsis 2025,,0.494872987270355,"{body_length_mm: 4.16176808252914}, {biomass_mg: 1.2759159498347}"
238aa64e-8d68-41a0-a9d2-04505bb12810,DIOPSIS-231_Boer4_-_Controle_1,14c30f41-ab81-49ad-8fb9-272093c3dec3,,2025-08-15T20:02:17,2025-08-15T20:02:17,detection,unknown,Too small for identification,1,,,,object_25518,0.160152186933463,0.455428025987413,0.024166126283063,0.03311584472656298,machine,Diopsis 2025,,1.0,"{body_length_mm: 2.61956274848036}, {biomass_mg: 0.377626979005638}"
4a5d429e-a556-4a83-bf6a-27d17d3c2b0b,DIOPSIS-231_Boer4_-_Controle_1,14c30f41-ab81-49ad-8fb9-272093c3dec3,,2025-08-15T20:02:17,2025-08-15T20:02:17,detection,unknown,Too small for identification,1,,,,object_25690,0.541346376447725,0.736088528103299,0.05033000761360107,0.06750420464409701,machine,Diopsis 2025,,1.0,"{body_length_mm: 1.55076790315602}, {biomass_mg: 0.095117263744833}"
1c856ec2-f34f-4967-bafb-d2f1e0af8eb0,DIOPSIS-231_Boer4_-_Controle_1,73fd59ef-9a10-4c0e-8ad2-dcd4b3d89b4b,,2025-08-15T20:30:18,2025-08-15T20:30:18,detection,animal,Caenidae,1,,,,object_25774,0.178187387813511,0.250082261827257,0.022525755511300982,0.030416090223523984,machine,Diopsis 2025,,0.994571626186371,"{body_length_mm: 2.0559455509121}, {biomass_mg: 0.1996833185868}"
afe3b895-f422-40e0-b371-b5eecfb20934,DIOPSIS-231_Boer4_-_Controle_1,73fd59ef-9a10-4c0e-8ad2-dcd4b3d89b4b,,2025-08-15T20:30:18,2025-08-15T20:30:18,detection,unknown,Caenidae,1,,,,object_25801,0.392383123280011,0.913609551323785,0.04836946974612599,0.06463704427083306,machine,Diopsis 2025,,0.498574465513229,"{body_length_mm: 17.8241522839096}, {biomass_mg: 58.5159984315303}"
ca63fd44-6e6b-4cf3-a166-ec182ef4f411,DIOPSIS-231_Boer4_-_Controle_1,73fd59ef-9a10-4c0e-8ad2-dcd4b3d89b4b,,2025-08-15T20:30:18,2025-08-15T20:30:18,detection,animal,Caenidae,1,,,,object_25810,0.45796822625926,0.50878902859158,0.02124456491613702,0.030581292046441,machine,Diopsis 2025,,0.987397730350494,"{body_length_mm: 5.59172352994655}, {biomass_mg: 2.77438303984326}"
0963568e-3abd-4e6f-855e-32439ecede2b,DIOPSIS-231_Boer4_-_Controle_1,73fd59ef-9a10-4c0e-8ad2-dcd4b3d89b4b,,2025-08-15T20:30:18,2025-08-15T20:30:18,detection,unknown,Caenidae,1,,,,object_25804,0.484978218906511,0.303261379665799,0.04138377194412596,0.05650017632378396,machine,Diopsis 2025,,0.399828350543976,"{body_length_mm: 5.3846330256154}, {biomass_mg: 2.51224404485255}"
c6e05e91-bb38-42ec-b0a6-b01ba8c759f3,DIOPSIS-231_Boer4_-_Controle_1,73fd59ef-9a10-4c0e-8ad2-dcd4b3d89b4b,,2025-08-15T20:30:18,2025-08-15T20:30:18,detection,unknown,Chironomidae,1,,,,object_25811,0.524249400041736,0.682354397243924,0.021884924581333953,0.02887200249565902,machine,Diopsis 2025,,0.499306797981262,"{body_length_mm: 5.14030679382949}, {biomass_mg: 2.22342472288264}"
368e9b16-5538-4984-8c3f-78a279f99deb,DIOPSIS-231_Boer4_-_Controle_1,73fd59ef-9a10-4c0e-8ad2-dcd4b3d89b4b,,2025-08-15T20:30:18,2025-08-15T20:30:18,detection,animal,Caenidae,1,,,,object_25769,0.78305191269303,0.0,0.05029684076325103,0.0498659091525607,machine,Diopsis 2025,,0.747597396373749,"{body_length_mm: 4.44756858885049}, {biomass_mg: 1.51944098107257}"
006cb29b-29e0-4920-bd75-1145a05d8dfc,DIOPSIS-231_Boer4_-_Controle_1,73fd59ef-9a10-4c0e-8ad2-dcd4b3d89b4b,,2025-08-15T20:30:18,2025-08-15T20:30:18,detection,animal,Chironomidae,1,,,,object_25812,0.802605172031511,0.0824155595567491,0.062418076351209995,0.0811541832817929,machine,Diopsis 2025,,0.997496902942658,"{body_length_mm: 7.73339491911601}, {biomass_mg: 6.5093084440351}"
63c52b9f-2e4c-4543-bf5c-52195d505012,DIOPSIS-231_Boer4_-_Controle_1,73fd59ef-9a10-4c0e-8ad2-dcd4b3d89b4b,,2025-08-15T20:30:18,2025-08-15T20:30:18,detection,unknown,Diptera,1,,,,object_25809,0.78247289386934,0.626897108289931,0.06291262414897192,0.08401204427083309,machine,Diopsis 2025,,0.431586868233151,"{body_length_mm: 2.98936377951101}, {biomass_mg: 0.471059434429897}"
1704dd16-4afd-4d8d-b200-964f6b266bb0,DIOPSIS-231_Boer4_-_Controle_1,73fd59ef-9a10-4c0e-8ad2-dcd4b3d89b4b,,2025-08-15T20:30:18,2025-08-15T20:30:18,detection,unknown,Too small for identification,1,,,,object_25733,0.160474506562859,0.456307508680556,0.023107576449844014,0.03163452148437501,machine,Diopsis 2025,,1.0,"{body_length_mm: 2.28878578237336}, {biomass_mg: 0.264778545049213}"
619e0250-f3a3-41a0-b004-b636f5e1dcfe,DIOPSIS-231_Boer4_-_Controle_1,73fd59ef-9a10-4c0e-8ad2-dcd4b3d89b4b,,2025-08-15T20:30:18,2025-08-15T20:30:18,detection,unknown,Too small for identification,1,,,,object_25813,0.292896200699082,0.227789984809028,0.029282074738821995,0.03766727023654498,machine,Diopsis 2025,,1.0,"{body_length_mm: 1.59635138451497}, {biomass_mg: 0.10264769274068}"
30617e16-7969-4275-8d4d-e8ee9b53a293,DIOPSIS-231_Boer4_-_Controle_1,f1231551-10ce-475a-858f-b0bc7001de0b,,2025-08-16T00:22:10,2025-08-16T00:22:10,detection,animal,Caenidae,1,,,,object_26079,0.457495789695065,0.505211995442708,0.021149904381650986,0.03590382893880195,machine,Diopsis 2025,,0.995353996753693,"{body_length_mm: 5.70475065494158}, {biomass_mg: 2.92431188036335}"
a339920e-e69e-4684-af13-f970eeec4d40,DIOPSIS-231_Boer4_-_Controle_1,f1231551-10ce-475a-858f-b0bc7001de0b,,2025-08-16T00:22:10,2025-08-16T00:22:10,detection,animal,Caenidae,1,,,,object_26057,0.708081176961603,0.707252739800347,0.02210425375299996,0.02956678602430607,machine,Diopsis 2025,,0.999095380306244,"{body_length_mm: 2.16851617873867}, {biomass_mg: 0.229736006799614}"
a1751677-8566-4374-bf94-bbbc45993cb6,DIOPSIS-231_Boer4_-_Controle_1,f1231551-10ce-475a-858f-b0bc7001de0b,,2025-08-16T00:22:10,2025-08-16T00:22:10,detection,animal,Chironomidae,1,,,,object_26050,0.411289374298962,0.69556640625,0.024292450715384994,0.03207227918836797,machine,Diopsis 2025,,0.99972277879715,"{body_length_mm: 8.65925230058118}, {biomass_mg: 8.76384504356848}"
13cc5f09-649f-4b5b-b541-6b1e0130d3eb,DIOPSIS-231_Boer4_-_Controle_1,f1231551-10ce-475a-858f-b0bc7001de0b,,2025-08-16T00:22:10,2025-08-16T00:22:10,detection,unknown,Too small for identification,1,,,,object_26058,0.16039929525283,0.455285203721788,0.023759666786766998,0.032666965060764,machine,Diopsis 2025,,1.0,"{body_length_mm: 2.70599808686192}, {biomass_mg: 0.411284687692045}"
88bfc03e-7a85-4c89-bac5-8da1ad852fd0,DIOPSIS-231_Boer4_-_Controle_1,f1231551-10ce-475a-858f-b0bc7001de0b,,2025-08-16T00:22:10,2025-08-16T00:22:10,detection,unknown,Too small for identification,1,,,,object_25985,0.177552989010819,0.25165278116862,0.021834906831209006,0.02855066935221301,machine,Diopsis 2025,,1.0,"{body_length_mm: 2.18675539192984}, {biomass_mg: 0.234852829342038}"
dc0f3f64-5a89-4bc8-8fa4-a47e0ad0c774,DIOPSIS-231_Boer4_-_Controle_1,f1231551-10ce-475a-858f-b0bc7001de0b,,2025-08-16T00:22:10,2025-08-16T00:22:10,detection,unknown,Too small for identification,1,,,,object_26078,0.295334983150629,0.228618282741971,0.025495806202067983,0.033621571858723,machine,Diopsis 2025,,1.0,"{body_length_mm: 1.83573610094834}, {biomass_mg: 0.148232082070606}"
fed5f954-8d81-4143-8353-549401a4175f,DIOPSIS-231_Boer4_-_Controle_1,f1231551-10ce-475a-858f-b0bc7001de0b,,2025-08-16T00:22:10,2025-08-16T00:22:10,detection,unknown,Too small for identification,1,,,,object_25978,0.501977579820534,0.325113593207465,0.023864898936378998,0.031527303059895984,machine,Diopsis 2025,,1.0,"{body_length_mm: 1.6987505674677}, {biomass_mg: 0.120882140525764}"
8d267095-a65a-4d33-abd0-bad3e92cad01,DIOPSIS-231_Boer4_-_Controle_1,f1231551-10ce-475a-858f-b0bc7001de0b,,2025-08-16T00:22:10,2025-08-16T00:22:10,detection,animal,Tortricidae,1,,,,object_26076,0.501579526668797,0.161986779106988,0.04398240231114403,0.05822138468424501,machine,Diopsis 2025,,0.964725315570831,"{body_length_mm: 13.1146952022786}, {biomass_mg: 26.1111094390427}"
8229d938-832d-44e9-8727-a7f25194bc05,DIOPSIS-231_Boer4_-_Controle_1,f0229ec7-cafe-4342-8cd3-b736a69fb02d,,2025-08-16T00:44:53,2025-08-16T00:44:53,detection,animal,Caenidae,1,,,,object_26079,0.457535223093176,0.505223524305556,0.021142975515833995,0.03597788492838505,machine,Diopsis 2025,,0.991903603076935,"{body_length_mm: 2.29775843097989}, {biomass_mg: 0.267517220426565}"
02b5efe7-8b86-4e62-8338-16a4c8004e58,DIOPSIS-231_Boer4_-_Controle_1,f0229ec7-cafe-4342-8cd3-b736a69fb02d,,2025-08-16T00:44:53,2025-08-16T00:44:53,detection,unknown,Caenidae,1,,,,object_26132,0.501301760665562,0.323953213161892,0.02510435075712203,0.033197835286458977,machine,Diopsis 2025,,0.493842542171478,"{body_length_mm: 13.5719385502515}, {biomass_mg: 28.5738928134659}"
b2e6ed9b-e487-4879-8830-443750b93516,DIOPSIS-231_Boer4_-_Controle_1,f0229ec7-cafe-4342-8cd3-b736a69fb02d,,2025-08-16T00:44:53,2025-08-16T00:44:53,detection,animal,Chironomidae,1,,,,object_26081,0.0,0.380468478732639,0.0505488909942677,0.07245110405816002,machine,Diopsis 2025,,0.999988675117493,"{body_length_mm: 14.7602103282443}, {biomass_mg: 35.6315447509581}"
908b6d5a-b5eb-434d-8505-791dbf924dec,DIOPSIS-231_Boer4_-_Controle_1,f0229ec7-cafe-4342-8cd3-b736a69fb02d,,2025-08-16T00:44:53,2025-08-16T00:44:53,detection,unknown,Too small for identification,1,,,,object_26082,0.158115355120676,0.45249766031901,0.028255825647726995,0.038296915690105016,machine,Diopsis 2025,,1.0,"{body_length_mm: 2.7655415223206}, {biomass_mg: 0.435515019623169}"
f5bc7359-5b50-4d83-9904-bb697a56348f,DIOPSIS-231_Boer4_-_Controle_1,f0229ec7-cafe-4342-8cd3-b736a69fb02d,,2025-08-16T00:44:53,2025-08-16T00:44:53,detection,unknown,Too small for identification,1,,,,object_26114,0.177530877777252,0.251639624701606,0.022352024390422998,0.029287533230252016,machine,Diopsis 2025,,1.0,"{body_length_mm: 2.54152140488847}, {biomass_mg: 0.348752937523692}"
541a72fe-d256-46af-bf9e-e8f279055695,DIOPSIS-231_Boer4_-_Controle_1,f0229ec7-cafe-4342-8cd3-b736a69fb02d,,2025-08-16T00:44:53,2025-08-16T00:44:53,detection,unknown,Too small for identification,1,,,,object_26131,0.292969208527885,0.226319088406033,0.029726846787288985,0.038468780517578016,machine,Diopsis 2025,,1.0,"{body_length_mm: 1.45448635924544}, {biomass_mg: 0.0803614271971397}"
b1dfa1d1-3b67-4520-b33c-d1a90e2a3c55,DIOPSIS-231_Boer4_-_Controle_1,f0229ec7-cafe-4342-8cd3-b736a69fb02d,,2025-08-16T00:44:53,2025-08-16T00:44:53,detection,unknown,Too small for identification,1,,,,object_26115,0.411515428546275,0.695810750325521,0.024040260378626,0.03164340549045097,machine,Diopsis 2025,,1.0,"{body_length_mm: 2.65191025493984}, {biomass_mg: 0.390014684039648}"
1d6b365b-9623-49f2-bd1e-de66c3d77d86,DIOPSIS-231_Boer4_-_Controle_1,a88c1c4d-cbb3-4591-8609-36ec5989d2b2,,2025-08-16T00:47:59,2025-08-16T00:47:59,detection,animal,Caenidae,1,,,,object_26079,0.457518817984401,0.505526699490017,0.021138084551727,0.035502149793836923,machine,Diopsis 2025,,0.844022989273071,"{body_length_mm: 3.24227561256785}, {biomass_mg: 0.661693044899616}"
4032ad19-190f-47bf-9e26-0a593ebd152b,DIOPSIS-231_Boer4_-_Controle_1,a88c1c4d-cbb3-4591-8609-36ec5989d2b2,,2025-08-16T00:47:59,2025-08-16T00:47:59,detection,animal,Chironomidae,1,,,,object_26081,0.0013743418086948,0.385413953993056,0.0568731241114748,0.0745460679796,machine,Diopsis 2025,,0.999437987804413,"{body_length_mm: 9.70622005306163}, {biomass_mg: 11.8321346923457}"
c532b6c9-ecb8-4d9f-bccc-2ad903df7b29,DIOPSIS-231_Boer4_-_Controle_1,a88c1c4d-cbb3-4591-8609-36ec5989d2b2,,2025-08-16T00:47:59,2025-08-16T00:47:59,detection,animal,Diptera,1,,,,object_26115,0.411314949965437,0.695853000217014,0.023974894681240033,0.031612006293402994,machine,Diopsis 2025,,0.792122960090637,"{body_length_mm: 1.56169051519516}, {biomass_mg: 0.471059434429897}"
99f04df7-aaa8-4fed-ae04-933542928187,DIOPSIS-231_Boer4_-_Controle_1,a88c1c4d-cbb3-4591-8609-36ec5989d2b2,,2025-08-16T00:47:59,2025-08-16T00:47:59,detection,animal,Diptera,1,,,,object_26133,0.707895167482914,0.70731207953559,0.022087390116339978,0.02964294433593795,machine,Diopsis 2025,,0.795559167861939,"{body_length_mm: 4.76252494526088}, {biomass_mg: 1.30996663307545}"
41f5ea50-adc3-4152-908c-cb2471b219ea,DIOPSIS-231_Boer4_-_Controle_1,a88c1c4d-cbb3-4591-8609-36ec5989d2b2,,2025-08-16T00:47:59,2025-08-16T00:47:59,detection,unknown,Too small for identification,1,,,,object_26082,0.160347468864938,0.455565151638455,0.023555469035306004,0.03227196587456599,machine,Diopsis 2025,,1.0,"{body_length_mm: 2.58212032222889}, {biomass_mg: 0.363596242078013}"
e606b2ac-a759-4445-8c82-1e6d72ab9d22,DIOPSIS-231_Boer4_-_Controle_1,a88c1c4d-cbb3-4591-8609-36ec5989d2b2,,2025-08-16T00:47:59,2025-08-16T00:47:59,detection,unknown,Too small for identification,1,,,,object_26114,0.177106395587698,0.250847320556641,0.022793803270751006,0.02985607571072002,machine,Diopsis 2025,,1.0,"{body_length_mm: 2.33422623085257}, {biomass_mg: 0.278828524410939}"
f1a95fff-02ff-4b28-96a1-977d9f9db5c9,DIOPSIS-231_Boer4_-_Controle_1,a88c1c4d-cbb3-4591-8609-36ec5989d2b2,,2025-08-16T00:47:59,2025-08-16T00:47:59,detection,unknown,Too small for identification,1,,,,object_26131,0.295232221956842,0.229147101508247,0.025017434249138992,0.03310757107204801,machine,Diopsis 2025,,1.0,"{body_length_mm: 1.58023597758109}, {biomass_mg: 0.099944746488572}"
fa901dbe-32ab-4183-9cf1-9826b8fbe1ed,DIOPSIS-231_Boer4_-_Controle_1,50126f32-b227-4b11-a245-8d8d11564b42,,2025-08-16T01:40:06,2025-08-16T01:40:06,detection,animal,Caenidae,1,,,,object_26230,0.50170531615192,0.324666680230035,0.024304321492852998,0.032193400065104016,machine,Diopsis 2025,,0.647576828797658,"{body_length_mm: 1.79609147263072}, {biomass_mg: 0.139960369617831}"
248b478c-a6b9-4162-b80d-e0eb25df1bf4,DIOPSIS-231_Boer4_-_Controle_1,50126f32-b227-4b11-a245-8d8d11564b42,,2025-08-16T01:40:06,2025-08-16T01:40:06,detection,animal,Chironomidae,1,,,,object_26237,0.293805512442613,0.226969468858507,0.029700099327329033,0.03888668484157998,machine,Diopsis 2025,,0.99454802274704,"{body_length_mm: 1.84545907611579}, {biomass_mg: 0.1503058474588}"
ebb04c74-f3d4-4e5e-b5fe-f891b0dc658c,DIOPSIS-231_Boer4_-_Controle_1,50126f32-b227-4b11-a245-8d8d11564b42,,2025-08-16T01:40:06,2025-08-16T01:40:06,detection,animal,Chironomidae,1,,,,object_26219,0.411213258670049,0.695647718641493,0.024200796085925014,0.03189351399739604,machine,Diopsis 2025,,0.99968695640564,"{body_length_mm: 1.94506061466348}, {biomass_mg: 0.17258991418501}"
f15119a6-795d-4025-8689-ebd46184ba16,DIOPSIS-231_Boer4_-_Controle_1,50126f32-b227-4b11-a245-8d8d11564b42,,2025-08-16T01:40:06,2025-08-16T01:40:06,detection,animal,Chironomidae,1,,,,object_26231,0.523261629082325,0.228705715603299,0.03735906890716301,0.04873531765408001,machine,Diopsis 2025,,0.996868014335632,"{body_length_mm: 4.53702610893202}, {biomass_mg: 1.601141510949}"
bfc7543e-4a9b-44db-88b1-c33fb0bfbc0c,DIOPSIS-231_Boer4_-_Controle_1,50126f32-b227-4b11-a245-8d8d11564b42,,2025-08-16T01:40:06,2025-08-16T01:40:06,detection,animal,Chironomidae,1,,,,object_26232,0.708101505031172,0.707864651150174,0.02201591071382003,0.0294974772135409,machine,Diopsis 2025,,0.546080350875855,"{body_length_mm: 4.94681163024868}, {biomass_mg: 2.01000429837443}"
0ce0e339-2868-4595-8c17-b6fc7659682e,DIOPSIS-231_Boer4_-_Controle_1,50126f32-b227-4b11-a245-8d8d11564b42,,2025-08-16T01:40:06,2025-08-16T01:40:06,detection,animal,Crambidae,1,,,,object_26239,0.799058611683535,0.252878841824002,0.04611527024207007,0.06170818752712698,machine,Diopsis 2025,,0.665744006633759,"{body_length_mm: 14.5359187874006}, {biomass_mg: 34.2251214454799}"
f8bca48b-ba3b-4437-85ac-91eb6581ddd1,DIOPSIS-231_Boer4_-_Controle_1,50126f32-b227-4b11-a245-8d8d11564b42,,2025-08-16T01:40:06,2025-08-16T01:40:06,detection,animal,Lepidoptera,1,,,,object_26240,0.928663250599958,0.28691155327691,0.043832412745201,0.057866990831163034,machine,Diopsis 2025,,0.834574818611145,"{body_length_mm: 6.59981765594782}, {biomass_mg: 2.35218618884068}"
d013d594-0420-4ed9-b77a-1464ea7c8cbb,DIOPSIS-231_Boer4_-_Controle_1,50126f32-b227-4b11-a245-8d8d11564b42,,2025-08-16T01:40:06,2025-08-16T01:40:06,detection,unknown,Too small for identification,1,,,,object_26222,0.177336984166319,0.251117960611979,0.02221295033552001,0.029215426974826986,machine,Diopsis 2025,,1.0,"{body_length_mm: 2.29082217413831}, {biomass_mg: 0.26539857060182}"
f25e93a0-1a7e-4ba8-be9b-96f39dd350d8,DIOPSIS-231_Boer4_-_Controle_1,176dc672-b7ef-460c-bd81-c6d73ce2f7ac,,2025-08-16T13:48:46,2025-08-16T13:48:46,detection,unknown,Caenidae,1,,,,object_26739,0.453061162728897,0.509802381727431,0.029989506844088964,0.040726725260415986,machine,Diopsis 2025,,0.499994933605194,"{body_length_mm: 1.83298814491023}, {biomass_mg: 0.147649217716168}"
07c5f3ea-b53e-4ed0-b333-87636b9c0972,DIOPSIS-231_Boer4_-_Controle_1,176dc672-b7ef-460c-bd81-c6d73ce2f7ac,,2025-08-16T13:48:46,2025-08-16T13:48:46,detection,unknown,Caenidae,1,,,,object_26728,0.501017830009652,0.324937269422743,0.026017330723731913,0.03429623074001703,machine,Diopsis 2025,,0.499564737081528,"{body_length_mm: 3.10062123562968}, {biomass_mg: 0.588344070322797}"
14abd853-9c4c-422f-bfde-07d19f74ae42,DIOPSIS-231_Boer4_-_Controle_1,176dc672-b7ef-460c-bd81-c6d73ce2f7ac,,2025-08-16T13:48:46,2025-08-16T13:48:46,detection,unknown,Caenidae,1,,,,object_26712,0.706811513247991,0.707186482747396,0.023955228929727013,0.032200927734374996,machine,Diopsis 2025,,0.499973714351654,"{body_length_mm: 2.64675610114149}, {biomass_mg: 0.388024253302092}"
ae5c1619-4c5a-4147-b007-85fd6d1d528f,DIOPSIS-231_Boer4_-_Controle_1,176dc672-b7ef-460c-bd81-c6d73ce2f7ac,,2025-08-16T13:48:46,2025-08-16T13:48:46,detection,animal,Caenidae,1,,,,object_26732,0.776722801348602,0.0237094370524088,0.0244253219069539,0.0325436147054037,machine,Diopsis 2025,,0.798215186595917,"{body_length_mm: 5.53423130276305}, {biomass_mg: 2.69998885064233}"
59e249bb-c9e9-4319-af6d-eabea9ef51a9,DIOPSIS-231_Boer4_-_Controle_1,176dc672-b7ef-460c-bd81-c6d73ce2f7ac,,2025-08-16T13:48:46,2025-08-16T13:48:46,detection,animal,Chironomidae,1,,,,object_26746,0.926245076429466,0.847958509657118,0.023037154208837007,0.031075032552082993,machine,Diopsis 2025,,0.996919274330139,"{body_length_mm: 2.4658835132191}, {biomass_mg: 0.322113613261525}"
08307ede-5f3b-4ec5-ab25-5bbaab45d1b3,DIOPSIS-231_Boer4_-_Controle_1,176dc672-b7ef-460c-bd81-c6d73ce2f7ac,,2025-08-16T13:48:46,2025-08-16T13:48:46,detection,animal,Diptera,1,,,,object_26752,0.508530350877765,0.0213861974080403,0.027504693287641047,0.036302206251356404,machine,Diopsis 2025,,0.975736856460571,"{body_length_mm: 5.6615302431466}, {biomass_mg: 1.9206531326624}"
ad871175-4ff8-4c19-a08a-a275f4e4df9d,DIOPSIS-231_Boer4_-_Controle_1,176dc672-b7ef-460c-bd81-c6d73ce2f7ac,,2025-08-16T13:48:46,2025-08-16T13:48:46,detection,animal,Miridae,1,,,,object_26751,0.176032102963761,0.249796837700738,0.024622629003253987,0.03318971421983499,machine,Diopsis 2025,,0.994013130664825,"{body_length_mm: 2.56721620583121}, {biomass_mg: 0.358102610311578}"
528233a8-dea2-4c7b-9e80-7a5f8538fe07,DIOPSIS-231_Boer4_-_Controle_1,176dc672-b7ef-460c-bd81-c6d73ce2f7ac,,2025-08-16T13:48:46,2025-08-16T13:48:46,detection,unknown,Too small for identification,1,,,,object_26540,0.293501865087646,0.231236012776693,0.027572300676910022,0.03417102389865398,machine,Diopsis 2025,,1.0,"{body_length_mm: 0.918030284894438}, {biomass_mg: 0.03}"
46c0ebb8-d0e1-4ad7-9d7d-20addb50b827,DIOPSIS-231_Boer4_-_Controle_1,176dc672-b7ef-460c-bd81-c6d73ce2f7ac,,2025-08-16T13:48:46,2025-08-16T13:48:46,detection,unknown,Too small for identification,1,,,,object_26730,0.409863046891303,0.695161607530382,0.02606333635486302,0.03465386284722194,machine,Diopsis 2025,,1.0,"{body_length_mm: 1.87413300461164}, {biomass_mg: 0.156525943462198}"
8461fad3-b3ae-4818-af69-679ea0a13f86,DIOPSIS-231_Boer4_-_Controle_1,380dd8e5-38ae-414d-82e6-2b6e9d3176f0,,2025-08-16T15:04:54,2025-08-16T15:04:54,detection,animal,Caenidae,1,,,,object_26837,0.16377016299953,0.730731268988715,0.025824163115283988,0.03456766764323005,machine,Diopsis 2025,,0.999995708465576,"{body_length_mm: 3.29982047962484}, {biomass_mg: 0.693027996631791}"
6304bc76-3278-48de-9245-51d7ab9fd586,DIOPSIS-231_Boer4_-_Controle_1,380dd8e5-38ae-414d-82e6-2b6e9d3176f0,,2025-08-16T15:04:54,2025-08-16T15:04:54,detection,animal,Caenidae,1,,,,object_26853,0.410714431278694,0.696334906684028,0.023912331098705997,0.032128024631076,machine,Diopsis 2025,,0.99419116973877,"{body_length_mm: 3.31852155201419}, {biomass_mg: 0.703405345644052}"
a170edcf-3d13-477b-9043-fc086838136d,DIOPSIS-231_Boer4_-_Controle_1,380dd8e5-38ae-414d-82e6-2b6e9d3176f0,,2025-08-16T15:04:54,2025-08-16T15:04:54,detection,animal,Caenidae,1,,,,object_26857,0.45697423969963,0.50935801188151,0.02283800026411198,0.033259379069011,machine,Diopsis 2025,,0.999813616275787,"{body_length_mm: 4.02332167989446}, {biomass_mg: 1.16729108003377}"
0bf20e36-213f-44eb-858d-028e75cdf5d7,DIOPSIS-231_Boer4_-_Controle_1,380dd8e5-38ae-414d-82e6-2b6e9d3176f0,,2025-08-16T15:04:54,2025-08-16T15:04:54,detection,animal,Caenidae,1,,,,object_26845,0.776734111703099,0.0249067391289605,0.02397413046809793,0.0317028003268771,machine,Diopsis 2025,,0.571806788444519,"{body_length_mm: 6.28603069458564}, {biomass_mg: 3.77443058489696}"
06b9c680-4651-444c-aa75-f01ae9338c2b,DIOPSIS-231_Boer4_-_Controle_1,380dd8e5-38ae-414d-82e6-2b6e9d3176f0,,2025-08-16T15:04:54,2025-08-16T15:04:54,detection,animal,Chironomidae,1,,,,object_26751,0.177045194851934,0.250278998480903,0.02359173094887998,0.031594882541231994,machine,Diopsis 2025,,0.968446731567383,"{body_length_mm: 2.2154022723693}, {biomass_mg: 0.243030949924926}"
59fd3dfc-5757-4a09-bc26-0811c64593a3,DIOPSIS-231_Boer4_-_Controle_1,380dd8e5-38ae-414d-82e6-2b6e9d3176f0,,2025-08-16T15:04:54,2025-08-16T15:04:54,detection,animal,Chironomidae,1,,,,object_26833,0.707392620920936,0.707568969726563,0.022497874468515033,0.03033243815104103,machine,Diopsis 2025,,0.999621868133545,"{body_length_mm: 4.41586515258086}, {biomass_mg: 1.49112075849148}"
7a2a4b1e-0459-4f27-ac09-03811dc495a5,DIOPSIS-231_Boer4_-_Controle_1,380dd8e5-38ae-414d-82e6-2b6e9d3176f0,,2025-08-16T15:04:54,2025-08-16T15:04:54,detection,unknown,Chironomidae,1,,,,object_26859,0.519929812627165,0.665140448676215,0.049972457758373,0.067860853407118,machine,Diopsis 2025,,0.285266667604446,"{body_length_mm: 16.9113562064088}, {biomass_mg: 21.6354160563332}"
5bed03d8-6051-49fb-a564-baeee2dc7826,DIOPSIS-231_Boer4_-_Controle_1,380dd8e5-38ae-414d-82e6-2b6e9d3176f0,,2025-08-16T15:04:54,2025-08-16T15:04:54,detection,unknown,Too small for identification,1,,,,object_26728,0.294496972493218,0.231467641194661,0.026667370422057024,0.03336790296766501,machine,Diopsis 2025,,1.0,"{body_length_mm: 2.33135845550066}, {biomass_mg: 0.277928487808971}"
cbf4239c-3796-466a-9402-961dc5e79091,DIOPSIS-231_Boer4_-_Controle_1,380dd8e5-38ae-414d-82e6-2b6e9d3176f0,,2025-08-16T15:04:54,2025-08-16T15:04:54,detection,unknown,Too small for identification,1,,,,object_26856,0.501803492066856,0.325250549316406,0.02536066784484592,0.03319200303819497,machine,Diopsis 2025,,1.0,"{body_length_mm: 2.87646227676292}, {biomass_mg: 0.482969372285419}"
b52cb8f2-0556-434b-a5c2-7d612e5ccf8f,DIOPSIS-231_Boer4_-_Controle_1,75b70498-f7e5-44b9-8ef0-7d6dce8da0bc,,2025-08-17T06:49:45,2025-08-17T06:49:45,detection,animal,Caenidae,1,,,,object_26989,0.1772271285272,0.251040903727214,0.026843355971704008,0.03615280151367101,machine,Diopsis 2025,,0.993566930294037,"{body_length_mm: 4.09663954316519}, {biomass_mg: 1.22406997251618}"
c0c3c09d-c891-4ec2-9815-fa72cbe553e3,DIOPSIS-231_Boer4_-_Controle_1,75b70498-f7e5-44b9-8ef0-7d6dce8da0bc,,2025-08-17T06:49:45,2025-08-17T06:49:45,detection,animal,Caenidae,1,,,,object_26979,0.411275108986984,0.69690924750434,0.02877058688308598,0.037470024956598014,machine,Diopsis 2025,,0.935706079006195,"{body_length_mm: 3.43263745342308}, {biomass_mg: 0.76881655838267}"
39c8880d-79fd-46d8-a9fc-520d9c0b5f72,DIOPSIS-231_Boer4_-_Controle_1,75b70498-f7e5-44b9-8ef0-7d6dce8da0bc,,2025-08-17T06:49:45,2025-08-17T06:49:45,detection,animal,Caenidae,1,,,,object_27004,0.501053646132226,0.324971788194444,0.03221820710298395,0.042244567871093985,machine,Diopsis 2025,,0.999415427446365,"{body_length_mm: 1.86990971529434}, {biomass_mg: 0.155599978539081}"
8b1e3d2b-dd2f-4e98-a6fe-ccf19356d01c,DIOPSIS-231_Boer4_-_Controle_1,75b70498-f7e5-44b9-8ef0-7d6dce8da0bc,,2025-08-17T06:49:45,2025-08-17T06:49:45,detection,unknown,Caenidae,1,,,,object_26987,0.708325928957116,0.710220336914063,0.025872384964524042,0.034304334852429896,machine,Diopsis 2025,,0.49393293261528,"{body_length_mm: 3.42221349647656}, {biomass_mg: 0.762691536321673}"
cb13629f-cab4-4ee3-bab9-6abd1de20b74,DIOPSIS-231_Boer4_-_Controle_1,75b70498-f7e5-44b9-8ef0-7d6dce8da0bc,,2025-08-17T06:49:45,2025-08-17T06:49:45,detection,unknown,Diptera,1,,,,object_26998,0.461263513326247,0.518479648166233,0.02167125058691599,0.029300028483073004,machine,Diopsis 2025,,0.427537322044373,"{body_length_mm: 4.02120266891898}, {biomass_mg: 0.900836788838821}"
d2eb185f-fed2-4ac7-9867-d4b4aba94174,DIOPSIS-231_Boer4_-_Controle_1,75b70498-f7e5-44b9-8ef0-7d6dce8da0bc,,2025-08-17T06:49:45,2025-08-17T06:49:45,detection,unknown,Too small for identification,1,,,,object_26991,0.522140426508373,0.682620781792535,0.029876861827003998,0.039323866102429994,machine,Diopsis 2025,,1.0,"{body_length_mm: 2.41935300111776}, {biomass_mg: 0.306372834865564}"
1d1dc632-5496-4d7e-85be-2ab2be63468f,DIOPSIS-231_Boer4_-_Controle_1,95f93fb9-e63c-469d-8c04-778cd543c216,,2025-08-17T10:18:10,2025-08-17T10:18:10,detection,animal,Caenidae,1,,,,object_27080,0.163904677249354,0.731023152669271,0.025868041686503,0.03493041992187507,machine,Diopsis 2025,,0.999980032444,"{body_length_mm: 5.23812376008153}, {biomass_mg: 2.3364338568039}"
e34b853b-3479-4c83-89d8-fa6dcce0721e,DIOPSIS-231_Boer4_-_Controle_1,95f93fb9-e63c-469d-8c04-778cd543c216,,2025-08-17T10:18:10,2025-08-17T10:18:10,detection,animal,Caenidae,1,,,,object_27010,0.776874777868714,0.0238896772596571,0.025062166191699098,0.0332596927218967,machine,Diopsis 2025,,0.849526609693255,"{body_length_mm: 4.68737589424225}, {biomass_mg: 1.74448235904156}"
876d840a-d8e3-4e29-8774-c25b246ae1c8,DIOPSIS-231_Boer4_-_Controle_1,95f93fb9-e63c-469d-8c04-778cd543c216,,2025-08-17T10:18:10,2025-08-17T10:18:10,detection,animal,Chironomidae,1,,,,object_27069,0.5023757858149,0.325167371961806,0.025072814228140894,0.03309641520182299,machine,Diopsis 2025,,0.936428844928742,"{body_length_mm: 3.0323050243888}, {biomass_mg: 0.554860672182036}"
e6723a65-d2d0-4654-85ee-5b86f0a336f1,DIOPSIS-231_Boer4_-_Controle_1,95f93fb9-e63c-469d-8c04-778cd543c216,,2025-08-17T10:18:10,2025-08-17T10:18:10,detection,unknown,Chironomidae,1,,,,object_27088,0.55109743045049,0.853818766276042,0.047434149282007065,0.06290568033854094,machine,Diopsis 2025,,0.326953371365865,"{body_length_mm: 11.46474424717}, {biomass_mg: 18.33367593595}"
fcec7520-e04f-47a0-ace4-02d37fa2a627,DIOPSIS-231_Boer4_-_Controle_1,95f93fb9-e63c-469d-8c04-778cd543c216,,2025-08-17T10:18:10,2025-08-17T10:18:10,detection,animal,Diptera,1,,,,object_27086,0.513158323768781,0.673961724175347,0.047592748982679955,0.06344265407986094,machine,Diopsis 2025,,0.915836095809936,"{body_length_mm: 14.8047893028803}, {biomass_mg: 16.117827627255}"
a8d106e8-b424-434b-99de-e1bb05e82ce4,DIOPSIS-231_Boer4_-_Controle_1,95f93fb9-e63c-469d-8c04-778cd543c216,,2025-08-17T10:18:10,2025-08-17T10:18:10,detection,unknown,Too small for identification,1,,,,object_27039,0.177092410487205,0.250915883382162,0.024415081450855997,0.032871076795789045,machine,Diopsis 2025,,1.0,"{body_length_mm: 2.19253913925285}, {biomass_mg: 0.236490008939326}"
43cdb68a-df94-4d7b-a0a4-12b120b4afbb,DIOPSIS-231_Boer4_-_Controle_1,95f93fb9-e63c-469d-8c04-778cd543c216,,2025-08-17T10:18:10,2025-08-17T10:18:10,detection,unknown,Too small for identification,1,,,,object_26989,0.295655290352084,0.231815439860026,0.025504772969598022,0.034014739990233966,machine,Diopsis 2025,,1.0,"{body_length_mm: 1.43664284018911}, {biomass_mg: 0.0777944531637947}"
20f09719-2443-4c0a-bd14-d6713ac3e76f,DIOPSIS-231_Boer4_-_Controle_1,95f93fb9-e63c-469d-8c04-778cd543c216,,2025-08-17T10:18:10,2025-08-17T10:18:10,detection,unknown,Too small for identification,1,,,,object_27087,0.410646951258282,0.696492852105035,0.024679015196226006,0.033149074978298,machine,Diopsis 2025,,1.0,"{body_length_mm: 1.61391609982803}, {biomass_mg: 0.105644809341404}"
b431d9ef-6a26-411c-997c-d0d046a3ee7c,DIOPSIS-231_Boer4_-_Controle_1,95f93fb9-e63c-469d-8c04-778cd543c216,,2025-08-17T10:18:10,2025-08-17T10:18:10,detection,unknown,Too small for identification,1,,,,object_27083,0.707876826367514,0.708646579318576,0.02371664158688902,0.031623467339410016,machine,Diopsis 2025,,1.0,"{body_length_mm: 2.12971079777696}, {biomass_mg: 0.219080901319025}"
f914dd35-daf6-4335-a2fc-743fdc4f1b5b,DIOPSIS-231_Boer4_-_Controle_1,95f93fb9-e63c-469d-8c04-778cd543c216,,2025-08-17T10:18:10,2025-08-17T10:18:10,detection,unknown,Too small for identification,1,,,,object_27084,0.926232339543771,0.848167046440972,0.023275588709046002,0.031225043402777986,machine,Diopsis 2025,,1.0,"{body_length_mm: 2.1643170751479}, {biomass_mg: 0.228567871657571}"
4965e0d4-d7a1-43c1-9792-68056d215e14,DIOPSIS-231_Boer4_-_Controle_1,79e44a2d-1819-4826-8b74-1ac9506a529f,,2025-08-17T13:00:45,2025-08-17T13:00:45,detection,unknown,Caenidae,1,,,,object_27188,0.164125955164532,0.730790608723958,0.025970306141747,0.03502285427517404,machine,Diopsis 2025,,0.499999165534973,"{body_length_mm: 3.61014896259816}, {biomass_mg: 0.877833855146346}"
92501d39-cc68-4657-baf5-86c7ca80ee33,DIOPSIS-231_Boer4_-_Controle_1,79e44a2d-1819-4826-8b74-1ac9506a529f,,2025-08-17T13:00:45,2025-08-17T13:00:45,detection,animal,Caenidae,1,,,,object_27039,0.177314452615525,0.250963609483507,0.024423780743784984,0.032808871799045014,machine,Diopsis 2025,,0.993320226669312,"{body_length_mm: 2.50496160869966}, {biomass_mg: 0.335712938854221}"
015cef63-1ea1-42e9-a93b-3a506a4560fb,DIOPSIS-231_Boer4_-_Controle_1,79e44a2d-1819-4826-8b74-1ac9506a529f,,2025-08-17T13:00:45,2025-08-17T13:00:45,detection,animal,Caenidae,1,,,,object_27209,0.410413713407437,0.696987508138021,0.024368031395098022,0.03256130642361099,machine,Diopsis 2025,,0.999557137489319,"{body_length_mm: 2.8285354117836}, {biomass_mg: 0.462091857579989}"
801dcd55-7aec-42b6-85cf-380957be7443,DIOPSIS-231_Boer4_-_Controle_1,79e44a2d-1819-4826-8b74-1ac9506a529f,,2025-08-17T13:00:45,2025-08-17T13:00:45,detection,animal,Caenidae,1,,,,object_27176,0.45698651805744,0.508821377224392,0.02385949849684299,0.03472557915581598,machine,Diopsis 2025,,0.90028440952301,"{body_length_mm: 2.53861989113407}, {biomass_mg: 0.347706772229349}"
c8590295-87cc-4b42-8963-d3abb01723cf,DIOPSIS-231_Boer4_-_Controle_1,79e44a2d-1819-4826-8b74-1ac9506a529f,,2025-08-17T13:00:45,2025-08-17T13:00:45,detection,animal,Caenidae,1,,,,object_27192,0.707928690966063,0.707975802951389,0.02391681448247096,0.03197767469618107,machine,Diopsis 2025,,0.99975589911143,"{body_length_mm: 1.22072273019641}, {biomass_mg: 0.0506902049455982}"
79df998e-2bc7-47ab-99a8-0ac38860dcdf,DIOPSIS-231_Boer4_-_Controle_1,79e44a2d-1819-4826-8b74-1ac9506a529f,,2025-08-17T13:00:45,2025-08-17T13:00:45,detection,animal,Caenidae,1,,,,object_27010,0.776831778142608,0.0240431891547309,0.02499445690734503,0.033118667602538995,machine,Diopsis 2025,,0.95864787697792,"{body_length_mm: 3.4802852429192}, {biomass_mg: 0.797201824524953}"
7002508c-7e11-46ca-8fb0-dd635d05d71c,DIOPSIS-231_Boer4_-_Controle_1,79e44a2d-1819-4826-8b74-1ac9506a529f,,2025-08-17T13:00:45,2025-08-17T13:00:45,detection,animal,Chironomidae,1,,,,object_27198,0.29567426831177,0.231657579210069,0.02531056093652101,0.033607686360677985,machine,Diopsis 2025,,0.572810113430023,"{body_length_mm: 1.50697025340266}, {biomass_mg: 0.0882138064411702}"
8de43f06-d60c-473d-addb-5ee821b4a097,DIOPSIS-231_Boer4_-_Controle_1,79e44a2d-1819-4826-8b74-1ac9506a529f,,2025-08-17T13:00:45,2025-08-17T13:00:45,detection,unknown,Lepidoptera,1,,,,object_27216,0.510045530800031,0.677467990451389,0.051769988962725,0.06981133355034708,machine,Diopsis 2025,,0.440433755517006,"{body_length_mm: 3.27878161866999}, {biomass_mg: 0.98872915986082}"
d455157a-9f16-45c9-9ec9-2041663e56a9,DIOPSIS-231_Boer4_-_Controle_1,79e44a2d-1819-4826-8b74-1ac9506a529f,,2025-08-17T13:00:45,2025-08-17T13:00:45,detection,unknown,Too small for identification,1,,,,object_27195,0.502089613467107,0.325464104546441,0.025385479298179026,0.033071322970920025,machine,Diopsis 2025,,1.0,"{body_length_mm: 2.49542417188431}, {biomass_mg: 0.3323616969467}"
e63e8f42-b13f-46e0-a5bd-a2751bc091ec,DIOPSIS-231_Boer4_-_Controle_1,79e44a2d-1819-4826-8b74-1ac9506a529f,,2025-08-17T13:00:45,2025-08-17T13:00:45,detection,unknown,Too small for identification,1,,,,object_27214,0.926729791351471,0.847202487521701,0.023766621126356968,0.03188022189670203,machine,Diopsis 2025,,1.0,"{body_length_mm: 2.32353156336392}, {biomass_mg: 0.275481228264677}"
37aba71e-5188-46d9-a907-0b5a15b55271,DIOPSIS-231_Boer4_-_Controle_1,9395188b-1c6e-4181-9e8b-5fb9e0933d29,,2025-08-18T08:00:19,2025-08-18T08:00:19,detection,animal,Caenidae,1,,,,object_27542,0.161424843815213,0.726313273111979,0.03085237990237602,0.041248847113716014,machine,Diopsis 2025,,0.714545011520386,"{body_length_mm: 5.0057125029344}, {biomass_mg: 2.07355986912867}"
70e57bff-daee-4c4a-a763-68f0ec9a9ce7,DIOPSIS-231_Boer4_-_Controle_1,9395188b-1c6e-4181-9e8b-5fb9e0933d29,,2025-08-18T08:00:19,2025-08-18T08:00:19,detection,unknown,Caenidae,1,,,,object_27526,0.177793856256195,0.25141852484809,0.02385246773593999,0.032073296440972954,machine,Diopsis 2025,,0.499060764908791,"{body_length_mm: 2.31079721840252}, {biomass_mg: 0.271528164375192}"
894718d3-0b1c-42dc-89a0-69922aacac13,DIOPSIS-231_Boer4_-_Controle_1,9395188b-1c6e-4181-9e8b-5fb9e0933d29,,2025-08-18T08:00:19,2025-08-18T08:00:19,detection,animal,Caenidae,1,,,,object_27503,0.296308718062004,0.232312181260851,0.02584887267353203,0.034365641276041,machine,Diopsis 2025,,0.998620271682739,"{body_length_mm: 3.66125099768599}, {biomass_mg: 0.910891915774014}"
ebeedc8a-ae58-4793-a90a-f42a9c3719ac,DIOPSIS-231_Boer4_-_Controle_1,9395188b-1c6e-4181-9e8b-5fb9e0933d29,,2025-08-18T08:00:19,2025-08-18T08:00:19,detection,unknown,Caenidae,1,,,,object_27543,0.707813396676753,0.708987291124132,0.02358524787406102,0.031400417751736076,machine,Diopsis 2025,,0.399963223934174,"{body_length_mm: 5.41051050352716}, {biomass_mg: 2.54412143884051}"
b0ae69d8-f32b-4436-8cab-6856070df8b7,DIOPSIS-231_Boer4_-_Controle_1,9395188b-1c6e-4181-9e8b-5fb9e0933d29,,2025-08-18T08:00:19,2025-08-18T08:00:19,detection,animal,Caenidae,1,,,,object_27530,0.776996695338585,0.0245022752549913,0.024882830841116088,0.0327269236246745,machine,Diopsis 2025,,0.957425832748413,"{body_length_mm: 4.75064755147792}, {biomass_mg: 1.80709568521472}"
8b477e95-944a-4109-a5fb-645338ca510b,DIOPSIS-231_Boer4_-_Controle_1,9395188b-1c6e-4181-9e8b-5fb9e0933d29,,2025-08-18T08:00:19,2025-08-18T08:00:19,detection,unknown,Chironomidae,1,,,,object_27534,0.408758758901555,0.695613538953993,0.027209554172318018,0.036104465060763924,machine,Diopsis 2025,,0.499976754188538,"{body_length_mm: 1.48978819177722}, {biomass_mg: 0.0855931013109723}"
f65a6ede-2505-4ff1-8d93-08ad001d2cac,DIOPSIS-231_Boer4_-_Controle_1,9395188b-1c6e-4181-9e8b-5fb9e0933d29,,2025-08-18T08:00:19,2025-08-18T08:00:19,detection,unknown,Chironomidae,1,,,,object_27515,0.453406739911571,0.510026312934028,0.030096292893756038,0.04061109754774295,machine,Diopsis 2025,,0.490012019872665,"{body_length_mm: 4.89638477385273}, {biomass_mg: 1.95656338379169}"
f38fde23-42ce-4dda-9bea-961c34172f2d,DIOPSIS-231_Boer4_-_Controle_1,9395188b-1c6e-4181-9e8b-5fb9e0933d29,,2025-08-18T08:00:19,2025-08-18T08:00:19,detection,animal,Chironomidae,1,,,,object_27505,0.523099157368401,0.680811971028646,0.026676235294501027,0.035400390625,machine,Diopsis 2025,,0.926227122545242,"{body_length_mm: 13.2058010705029}, {biomass_mg: 26.5908701640272}"
45498ee6-182b-473d-ac92-e695f85e3afe,DIOPSIS-231_Boer4_-_Controle_1,9395188b-1c6e-4181-9e8b-5fb9e0933d29,,2025-08-18T08:00:19,2025-08-18T08:00:19,detection,unknown,Too small for identification,1,,,,object_27470,0.500970346899781,0.325176628960504,0.025977438797735952,0.03418986002604102,machine,Diopsis 2025,,1.0,"{body_length_mm: 2.83794096626947}, {biomass_mg: 0.466143984533687}"
84e84053-d770-46c7-ac71-d73916ba716f,DIOPSIS-231_Boer4_-_Controle_1,2855343b-13a8-4cbd-8b86-fd0bfe36c76a,,2025-08-18T09:14:28,2025-08-18T09:14:28,detection,animal,Caenidae,1,,,,object_27551,0.162084665441752,0.727430623372396,0.02934871412477799,0.03940965440538202,machine,Diopsis 2025,,0.680577635765076,"{body_length_mm: 6.44605939921438}, {biomass_mg: 4.03241546778898}"
a464d888-a11f-4b0b-b4e0-630a5089d129,DIOPSIS-231_Boer4_-_Controle_1,2855343b-13a8-4cbd-8b86-fd0bfe36c76a,,2025-08-18T09:14:28,2025-08-18T09:14:28,detection,animal,Caenidae,1,,,,object_27515,0.456455848451847,0.513971998426649,0.024796474756104026,0.03367774115668398,machine,Diopsis 2025,,0.744578987360001,"{body_length_mm: 15.5307211703825}, {biomass_mg: 40.7338277353857}"
255442f4-94de-4939-bf7b-8e73c5b94c06,DIOPSIS-231_Boer4_-_Controle_1,2855343b-13a8-4cbd-8b86-fd0bfe36c76a,,2025-08-18T09:14:28,2025-08-18T09:14:28,detection,animal,Caenidae,1,,,,object_27545,0.776637515161989,0.0235944747924804,0.025786945935282968,0.03390671200222439,machine,Diopsis 2025,,0.666069487730662,"{body_length_mm: 5.53545975643867}, {biomass_mg: 2.70156536438543}"
9082bac5-5e79-4ef2-8edc-b8ddcc615866,DIOPSIS-231_Boer4_-_Controle_1,2855343b-13a8-4cbd-8b86-fd0bfe36c76a,,2025-08-18T09:14:28,2025-08-18T09:14:28,detection,animal,Chironomidae,1,,,,object_27503,0.296274506787028,0.231587914360894,0.02638634377608501,0.03492372300889801,machine,Diopsis 2025,,0.865324119726817,"{body_length_mm: 10.8841343921132}, {biomass_mg: 15.9914999170835}"
0787c418-bb5c-4336-be4f-0c2f2bc299a0,DIOPSIS-231_Boer4_-_Controle_1,2855343b-13a8-4cbd-8b86-fd0bfe36c76a,,2025-08-18T09:14:28,2025-08-18T09:14:28,detection,animal,Chironomidae,1,,,,object_27547,0.409176528752348,0.695799153645833,0.02691900033584599,0.035736287434895986,machine,Diopsis 2025,,0.999059975147247,"{body_length_mm: 12.4489030613572}, {biomass_mg: 22.7675347770396}"
66af3055-9bdf-40a8-9811-14934c696614,DIOPSIS-231_Boer4_-_Controle_1,2855343b-13a8-4cbd-8b86-fd0bfe36c76a,,2025-08-18T09:14:28,2025-08-18T09:14:28,detection,unknown,Chironomidae,1,,,,object_27558,0.454100186916345,0.500712619357639,0.028706902454611993,0.03959164089626699,machine,Diopsis 2025,,0.499468609690666,"{body_length_mm: 15.4641813597773}, {biomass_mg: 40.2764414256065}"
e3d73bb7-1468-4e90-9c28-4b48ba565555,DIOPSIS-231_Boer4_-_Controle_1,2855343b-13a8-4cbd-8b86-fd0bfe36c76a,,2025-08-18T09:14:28,2025-08-18T09:14:28,detection,animal,Chironomidae,1,,,,object_27554,0.523403161356167,0.681143459743924,0.026257955968279956,0.03483764648437504,machine,Diopsis 2025,,0.633807887633642,"{body_length_mm: 11.0287347152095}, {biomass_mg: 16.5563203234634}"
694951a8-0979-4bec-b54a-6ea2fff030f7,DIOPSIS-231_Boer4_-_Controle_1,2855343b-13a8-4cbd-8b86-fd0bfe36c76a,,2025-08-18T09:14:28,2025-08-18T09:14:28,detection,unknown,Chironomidae,1,,,,object_27559,0.742505616457116,0.612892049153646,0.024118006328908037,0.03201605902777793,machine,Diopsis 2025,,0.498445674777031,"{body_length_mm: 6.15805433557298}, {biomass_mg: 3.57567224407805}"
e263b68d-441a-4e40-a930-fac366a5237e,DIOPSIS-231_Boer4_-_Controle_1,2855343b-13a8-4cbd-8b86-fd0bfe36c76a,,2025-08-18T09:14:28,2025-08-18T09:14:28,detection,animal,Miridae,1,,,,object_27470,0.50148481518677,0.325248379177517,0.025411717282709967,0.03335873074001805,machine,Diopsis 2025,,0.998478591442108,"{body_length_mm: 2.16284932127441}, {biomass_mg: 0.228160432077817}"
8412cf05-95d5-48d4-bbc5-b52a0e73f1bd,DIOPSIS-231_Boer4_-_Controle_1,2855343b-13a8-4cbd-8b86-fd0bfe36c76a,,2025-08-18T09:14:28,2025-08-18T09:14:28,detection,unknown,Too small for identification,1,,,,object_27526,0.177822055721124,0.250876871744792,0.024056563592315006,0.03223927815755201,machine,Diopsis 2025,,1.0,"{body_length_mm: 2.57023903180005}, {biomass_mg: 0.359212629799656}"
7412264f-deb3-48cd-a455-58576be6f1ac,DIOPSIS-231_Boer4_-_Controle_1,2855343b-13a8-4cbd-8b86-fd0bfe36c76a,,2025-08-18T09:14:28,2025-08-18T09:14:28,detection,unknown,Too small for identification,1,,,,object_27557,0.708211347933405,0.708802761501736,0.023581426808351957,0.03136766221788201,machine,Diopsis 2025,,1.0,"{body_length_mm: 2.84054455710448}, {biomass_mg: 0.467269547699682}"
081e7236-e590-43fd-83a0-fdddbae55c17,DIOPSIS-231_Boer4_-_Controle_1,f49d487a-4839-4447-9a10-2c447fcf800c,,2025-08-18T13:36:13,2025-08-18T13:36:13,detection,animal,Caenidae,1,,,,object_27698,0.174986519280181,0.251912502712674,0.025400355980670003,0.033884650336371,machine,Diopsis 2025,,0.653644343217214,"{body_length_mm: 2.40189358945615}, {biomass_mg: 0.300592161612732}"
fc6426cc-f3cf-4675-aa29-636a59f77005,DIOPSIS-231_Boer4_-_Controle_1,f49d487a-4839-4447-9a10-2c447fcf800c,,2025-08-18T13:36:13,2025-08-18T13:36:13,detection,animal,Caenidae,1,,,,object_27706,0.77478852693943,0.0210314644707573,0.027221934425214034,0.0359384875827366,machine,Diopsis 2025,,0.909873982270559,"{body_length_mm: 5.93688961749879}, {biomass_mg: 3.24774076985717}"
1574ba1a-b1ef-40ad-beec-d26e6d4fe0f1,DIOPSIS-231_Boer4_-_Controle_1,f49d487a-4839-4447-9a10-2c447fcf800c,,2025-08-18T13:36:13,2025-08-18T13:36:13,detection,animal,Chironomidae,1,,,,object_27710,0.156431131251467,0.720177612304688,0.038722221361775,0.05055419921874993,machine,Diopsis 2025,,0.829675078392029,"{body_length_mm: 4.55324569525602}, {biomass_mg: 1.61623947604246}"
494cca75-2e29-4440-bdd6-e1033def1565,DIOPSIS-231_Boer4_-_Controle_1,f49d487a-4839-4447-9a10-2c447fcf800c,,2025-08-18T13:36:13,2025-08-18T13:36:13,detection,animal,Chironomidae,1,,,,object_27685,0.292568913684265,0.232147911919488,0.028190116054427006,0.03410900539822001,machine,Diopsis 2025,,0.666406035423279,"{body_length_mm: 2.0312881096814}, {biomass_mg: 0.193446273948595}"
74103220-6a5c-4a80-a5ed-be6af76d0ed9,DIOPSIS-231_Boer4_-_Controle_1,f49d487a-4839-4447-9a10-2c447fcf800c,,2025-08-18T13:36:13,2025-08-18T13:36:13,detection,unknown,Chironomidae,1,,,,object_27705,0.707871731613236,0.707893880208333,0.02337121724684299,0.03128851996527804,machine,Diopsis 2025,,0.499861925840378,"{body_length_mm: 1.08917224420681}, {biomass_mg: 0.0375565094882674}"
933b10b0-4944-4684-b574-44d1962f65c1,DIOPSIS-231_Boer4_-_Controle_1,f49d487a-4839-4447-9a10-2c447fcf800c,,2025-08-18T13:36:13,2025-08-18T13:36:13,detection,animal,Chironomidae,1,,,,object_27712,0.811877421027233,0.190317959255642,0.02270095137403494,0.03152782864040801,machine,Diopsis 2025,,0.975099563598633,"{body_length_mm: 5.88786664924627}, {biomass_mg: 3.1776839734732}"
6213ca5a-5a36-4dd3-827f-215ed276153f,DIOPSIS-231_Boer4_-_Controle_1,f49d487a-4839-4447-9a10-2c447fcf800c,,2025-08-18T13:36:13,2025-08-18T13:36:13,detection,animal,Diptera,1,,,,object_27708,0.0477096035404874,0.0023955896165635,0.048207972403957695,0.0624078941345215,machine,Diopsis 2025,,0.828472912311554,"{body_length_mm: 15.7158971474559}, {biomass_mg: 18.3952193283188}"
1fa84e67-ae7f-4fc3-a7da-4771bd3d66c8,DIOPSIS-231_Boer4_-_Controle_1,f49d487a-4839-4447-9a10-2c447fcf800c,,2025-08-18T13:36:13,2025-08-18T13:36:13,detection,unknown,Diptera,1,,,,object_27714,0.264792211465724,0.611303982204861,0.024874959445755962,0.033273722330729005,machine,Diopsis 2025,,0.462984055280685,"{body_length_mm: 4.09356256882244}, {biomass_mg: 0.937101947583111}"
adda3749-7067-4c81-ba10-839c015c7529,DIOPSIS-231_Boer4_-_Controle_1,f49d487a-4839-4447-9a10-2c447fcf800c,,2025-08-18T13:36:13,2025-08-18T13:36:13,detection,unknown,Diptera,1,,,,object_27713,0.504434015595654,0.300181850857205,0.058102208107261966,0.076485799153646,machine,Diopsis 2025,,0.361675381660461,"{body_length_mm: 5.39168398343637}, {biomass_mg: 1.72390183537001}"
4165de25-ff85-4924-b10c-7abca266cb43,DIOPSIS-231_Boer4_-_Controle_1,f49d487a-4839-4447-9a10-2c447fcf800c,,2025-08-18T13:36:13,2025-08-18T13:36:13,detection,unknown,Insecta,1,,,,object_27707,0.522794287272407,0.681066555447049,0.025518859965177,0.03367187500000002,machine,Diopsis 2025,,0.403085827827454,"{body_length_mm: 4.37908168601402}, {biomass_mg: 1.05679059000053}"
33540d24-427b-4967-b261-19af418d12be,DIOPSIS-231_Boer4_-_Controle_1,f49d487a-4839-4447-9a10-2c447fcf800c,,2025-08-18T13:36:13,2025-08-18T13:36:13,detection,unknown,Too small for identification,1,,,,object_27657,0.408445074880661,0.695403035481771,0.026489054022327985,0.03515869140625005,machine,Diopsis 2025,,1.0,"{body_length_mm: 1.55715062315584}, {biomass_mg: 0.0961503336403266}"
7ce0ec41-0115-4b6c-b90f-dfcde85f7c3b,DIOPSIS-231_Boer4_-_Controle_1,f49d487a-4839-4447-9a10-2c447fcf800c,,2025-08-18T13:36:13,2025-08-18T13:36:13,detection,unknown,Too small for identification,1,,,,object_27709,0.452536912513695,0.508396504720052,0.030984002879146988,0.042054273817274,machine,Diopsis 2025,,1.0,"{body_length_mm: 1.41585193357007}, {biomass_mg: 0.0748683340274146}"
905931e7-97ad-40e9-a8c6-ef43607873ca,DIOPSIS-231_Boer4_-_Controle_1,97ff2862-8a98-4231-baaa-2d3fb331839b,,2025-08-18T15:52:57,2025-08-18T15:52:57,detection,unknown,Caenidae,1,,,,object_27796,0.151786906094304,0.711863674587674,0.04527732326908798,0.06142306857638902,machine,Diopsis 2025,,0.49732318520546,"{body_length_mm: 6.25949588768338}, {biomass_mg: 3.7326714711402}"
cbf520a9-7ecb-48cb-b9d9-faba7160827f,DIOPSIS-231_Boer4_-_Controle_1,97ff2862-8a98-4231-baaa-2d3fb331839b,,2025-08-18T15:52:57,2025-08-18T15:52:57,detection,animal,Caenidae,1,,,,object_27746,0.494334429452734,0.315740695529514,0.032660992197282024,0.04389038085937502,machine,Diopsis 2025,,0.86009669303894,"{body_length_mm: 2.76449137502018}, {biomass_mg: 0.435080214644296}"
69c0bd77-775a-48e0-a02c-7811a7fb2044,DIOPSIS-231_Boer4_-_Controle_1,97ff2862-8a98-4231-baaa-2d3fb331839b,,2025-08-18T15:52:57,2025-08-18T15:52:57,detection,animal,Caenidae,1,,,,object_27705,0.704420341275172,0.703454793294271,0.02652237371530708,0.03531758626302106,machine,Diopsis 2025,,0.929884850978851,"{body_length_mm: 1.45625576887399}, {biomass_mg: 0.08061879404679}"
bf671c26-748a-4dc4-913f-5e7e282de4e1,DIOPSIS-231_Boer4_-_Controle_1,97ff2862-8a98-4231-baaa-2d3fb331839b,,2025-08-18T15:52:57,2025-08-18T15:52:57,detection,animal,Caenidae,1,,,,object_27797,0.77191162109375,0.0189210340711805,0.029447323093828026,0.039159647623697905,machine,Diopsis 2025,,0.973694860935211,"{body_length_mm: 4.88453562128298}, {biomass_mg: 1.9441352917359}"
606ca7db-af57-4f4f-aa71-72cf6f331adf,DIOPSIS-231_Boer4_-_Controle_1,97ff2862-8a98-4231-baaa-2d3fb331839b,,2025-08-18T15:52:57,2025-08-18T15:52:57,detection,animal,Chironomidae,1,,,,object_27798,0.130806096607138,0.0231238725450303,0.02364346817857302,0.0313207499186198,machine,Diopsis 2025,,0.984858155250549,"{body_length_mm: 6.35194426108074}, {biomass_mg: 3.87941123379751}"
afa56122-2ea1-4db3-b33b-92c963295c8d,DIOPSIS-231_Boer4_-_Controle_1,97ff2862-8a98-4231-baaa-2d3fb331839b,,2025-08-18T15:52:57,2025-08-18T15:52:57,detection,animal,Chironomidae,1,,,,object_27784,0.170814692476556,0.246600918240017,0.02979118079693399,0.039355434841579995,machine,Diopsis 2025,,0.563379943370819,"{body_length_mm: 3.98197179565887}, {biomass_mg: 1.13600297061259}"
fec1275b-0af5-4ddb-9e27-a79580835ee7,DIOPSIS-231_Boer4_-_Controle_1,97ff2862-8a98-4231-baaa-2d3fb331839b,,2025-08-18T15:52:57,2025-08-18T15:52:57,detection,animal,Chironomidae,1,,,,object_27745,0.289539802054531,0.22723882039388,0.03055265550820402,0.03992999606662401,machine,Diopsis 2025,,0.696939513087273,"{body_length_mm: 5.06557004431404}, {biomass_mg: 2.13940865957479}"
d002ecb6-e148-4b5a-bd7d-e2d943f16dc0,DIOPSIS-231_Boer4_-_Controle_1,97ff2862-8a98-4231-baaa-2d3fb331839b,,2025-08-18T15:52:57,2025-08-18T15:52:57,detection,unknown,Insecta,1,,,,object_27799,0.980383769498644,0.0398846223619249,0.01961623050135597,0.030299975077311192,machine,Diopsis 2025,,0.456273317337036,"{body_length_mm: 18.879047558194}, {biomass_mg: 68.0689210043936}"
62182d9c-192b-4cf2-9bbc-28f43ef38222,DIOPSIS-231_Boer4_-_Controle_1,97ff2862-8a98-4231-baaa-2d3fb331839b,,2025-08-18T15:52:57,2025-08-18T15:52:57,detection,unknown,Diptera,1,,,,object_27741,0.405036200267047,0.692657131618924,0.03077774175220399,0.040262858072916075,machine,Diopsis 2025,,0.43225172162056,"{body_length_mm: 1.34779099792893}, {biomass_mg: 0.471059434429897}"
fa3afb8a-958e-4fff-ab09-9702ec86dd9f,DIOPSIS-231_Boer4_-_Controle_1,97ff2862-8a98-4231-baaa-2d3fb331839b,,2025-08-18T15:52:57,2025-08-18T15:52:57,detection,animal,Diptera,1,,,,object_27800,0.754665521230045,0.270123019748264,0.024841410488834925,0.03291324191623296,machine,Diopsis 2025,,0.627838313579559,"{body_length_mm: 4.44469502093272}, {biomass_mg: 1.12429593826713}"
41ad5482-caf5-4671-b7d7-a860adc2eb25,DIOPSIS-231_Boer4_-_Controle_1,97ff2862-8a98-4231-baaa-2d3fb331839b,,2025-08-18T15:52:57,2025-08-18T15:52:57,detection,unknown,Lepidoptera,1,,,,object_27782,0.517747831264999,0.67820305718316,0.030027157078203026,0.03831271701388905,machine,Diopsis 2025,,0.486997336149216,"{body_length_mm: 16.6061350454565}, {biomass_mg: 41.9344981821099}"
5850563a-0f69-4e24-99f8-e52891d02c2a,DIOPSIS-231_Boer4_-_Controle_1,97ff2862-8a98-4231-baaa-2d3fb331839b,,2025-08-18T15:52:57,2025-08-18T15:52:57,detection,unknown,Too small for identification,1,,,,object_27719,0.923226740205029,0.841691080729167,0.02660419546901094,0.03493625217013907,machine,Diopsis 2025,,1.0,"{body_length_mm: 0.726699438024986}, {biomass_mg: 0.03}"
